id,gender,masterCategory,subCategory,articleType,baseColour,season,year,usage,productDisplayName
34041,Boys,Apparel,Topwear,Shirts,Red,Summer,2012.0,Casual,Gini and Jony Boys Check Red Shirt
33249,Men,Apparel,Topwear,Shirts,White,Summer,2012.0,Formal,Arrow Men Blue Striped Shirt
12180,Men,Apparel,Topwear,Shirts,White,Fall,2011.0,Casual,Basics Men White Slim Fit Checked Shirt
7053,Men,Apparel,Topwear,Shirts,Blue,Summer,2011.0,Casual,s.Oliver Men Striped Dark Blue Shirt
12003,Men,Apparel,Topwear,Shirts,Grey,Fall,2011.0,Formal,Mark Taylor Men Grey Striped Shirt
9256,Men,Apparel,Topwear,Shirts,Blue,Fall,2011.0,Formal,Mark Taylor Men Blue Striped Shirt
11672,Men,Apparel,Topwear,Shirts,Yellow,Fall,2011.0,Casual,Lee Men Check Yellow Shirts
12005,Men,Apparel,Topwear,Shirts,Green,Fall,2011.0,Formal,Mark Taylor Men Green Striped Shirt
43629,Women,Apparel,Topwear,Shirts,Black,Summer,2012.0,Casual,Vero Moda Women Black Shirt
8889,Men,Apparel,Topwear,Shirts,Black,Fall,2011.0,Formal,John Miller Men Black Shirt
17714,Men,Apparel,Topwear,Shirts,Red,Fall,2011.0,Casual,Reid & Taylor Men Check Red Shirt
26376,Men,Apparel,Topwear,Shirts,Blue,Summer,2012.0,Formal,Turtle Men Blue Shirt
24068,Men,Apparel,Topwear,Shirts,Grey,Fall,2011.0,Casual,Locomotive Men Check Grey Shirt
16042,Men,Apparel,Topwear,Shirts,Red,Fall,2011.0,Casual,Highlander Men Check Red Shirt
7140,Women,Apparel,Topwear,Shirts,Blue,Fall,2011.0,Casual,Scullers For Her Women Light Work Blue Check Shirts
9667,Men,Apparel,Topwear,Shirts,Purple,Fall,2011.0,Casual,Indigo Nation Men Bling Red Black Shirts
26057,Men,Apparel,Topwear,Shirts,Purple,Summer,2012.0,Formal,John Miller Men Check Purple Shirt
30798,Men,Apparel,Topwear,Shirts,Beige,Summer,2012.0,Ethnic,Fabindia Men Beige Shirt
17179,Men,Apparel,Topwear,Shirts,White,Winter,2016.0,Casual,U.S. Polo Assn. Men Solid White Shirt
31099,Boys,Apparel,Topwear,Shirts,Blue,Summer,2012.0,Casual,Gini and Jony Boys Check Blue Shirt
16452,Men,Apparel,Topwear,Shirts,Red,Fall,2011.0,Casual,Locomotive Men Check Red Shirt
14775,Men,Apparel,Topwear,Shirts,Blue,Fall,2013.0,Formal,Arrow Men Blue Striped Shirt
20153,Men,Apparel,Topwear,Shirts,Blue,Fall,2011.0,Casual,Wrangler Men Taylor Block Check Blue Shirt
11426,Men,Apparel,Topwear,Shirts,Blue,Fall,2011.0,Casual,United Colors of Benetton Men Light Blue Shirts
6611,Men,Apparel,Topwear,Shirts,Navy Blue,Summer,2011.0,Casual,Spykar Men Stripes Navy Blue Shirt
16034,Men,Apparel,Topwear,Shirts,White,Fall,2011.0,Casual,Highlander Men Stripes White Shirt
42598,Men,Apparel,Topwear,Shirts,Blue,Summer,2012.0,Casual,United Colors of Benetton Men Blue Shirt
41393,Men,Apparel,Topwear,Shirts,Purple,Summer,2012.0,Casual,Wrangler Men Purple Shirt
9611,Men,Apparel,Topwear,Shirts,White,Fall,2011.0,Formal,Indigo Nation Men Price catch Green White Shirts
8190,Men,Apparel,Topwear,Shirts,Black,Summer,2011.0,Casual,Locomotive Men Solid Poplin Lakota Black Shirts
31643,Men,Apparel,Topwear,Shirts,Purple,Summer,2012.0,Casual,Indigo Nation Men Purple Shirt
24561,Men,Apparel,Topwear,Shirts,Blue,Summer,2012.0,Casual,Lee Men Smithon Blue Shirt
15693,Men,Apparel,Topwear,Shirts,Blue,Fall,2011.0,Formal,Black coffee Men Micheal Blue Slim Fit Shirt
9481,Men,Apparel,Topwear,Shirts,Black,Fall,2011.0,Formal,John Miller Men Black white small check Shirts
51430,Men,Apparel,Topwear,Shirts,White,Summer,2012.0,Casual,Myntra Men Navy Blue & Orange Check Shirt
31677,Men,Apparel,Topwear,Shirts,White,Summer,2012.0,Casual,Spykar Men Check White Shirt
41605,Men,Apparel,Topwear,Shirts,Grey,Fall,2012.0,Casual,Basics Men Grey Shirt
12241,Men,Apparel,Topwear,Shirts,White,Fall,2011.0,Formal,Genesis Men Stripes White Shirts
29277,Women,Apparel,Topwear,Shirts,Blue,Summer,2012.0,Casual,Wrangler Women Salena Blue Shirt
22575,Men,Apparel,Topwear,Shirts,Red,Summer,2011.0,Casual,Highlander Men Check Red Shirt
43037,Men,Apparel,Topwear,Shirts,Green,Summer,2012.0,Casual,Scullers Men Green & Navy Blue Shirt
7167,Men,Apparel,Topwear,Shirts,Purple,Fall,2011.0,Casual,Scullers Men Scul Purple White Shirt
26367,Women,Apparel,Topwear,Shirts,Lavender,Summer,2012.0,,Arrow Woman Lavender Shirt
12371,Men,Apparel,Topwear,Shirts,Grey,Fall,2011.0,Formal,Reid & Taylor Men Check Grey Shirts
31046,Men,Apparel,Topwear,Shirts,Yellow,Summer,2012.0,Casual,Arrow Sport Men Check Yellow Shirt
25537,Men,Apparel,Topwear,Shirts,Brown,Summer,2012.0,Casual,Wrangler Men Glamorgan Brown Shirt
37141,Men,Apparel,Topwear,Shirts,Grey,Summer,2012.0,Casual,Wills Lifestyle Men Stripes Grey Shirt
31611,Men,Apparel,Topwear,Shirts,Blue,Summer,2012.0,Formal,Indigo Nation Men Striped Blue Shirt
31050,Men,Apparel,Topwear,Shirts,Navy Blue,Summer,2012.0,Casual,Arrow Sport Men Check Navy Blue Shirt
7168,Men,Apparel,Topwear,Shirts,Blue,Fall,2011.0,Casual,Scullers Men Scul Blue White Shirt
56816,Men,Apparel,Topwear,Shirts,White,Summer,2012.0,Casual,John Players Men Blue Shirt
19699,Men,Apparel,Topwear,Shirts,White,Fall,2011.0,Casual,United Colors of Benetton Men White Shirt
8789,Men,Apparel,Topwear,Shirts,White,Fall,2011.0,Formal,Indigo Nation Men Price catch Blue White Shirts
12311,Men,Apparel,Topwear,Shirts,Blue,Fall,2011.0,Formal,Genesis Men Blue Shirt
27868,Women,Apparel,Topwear,Shirts,White,Fall,2012.0,Smart Casual,Scullers For Her Women White Striped Shirt
9455,Men,Apparel,Topwear,Shirts,Red,Fall,2011.0,Formal,John Miller Men Red Striped Shirt
35440,Boys,Apparel,Topwear,Shirts,Black,Summer,2012.0,Casual,Doodle Boys Check Black Shirt
53211,Men,Apparel,Topwear,Shirts,Blue,Summer,2012.0,Formal,Mark Taylor Men Blue Shirt
41588,Men,Apparel,Topwear,Shirts,Blue,Summer,2012.0,Casual,Basics Men Blue Shirt
10186,Men,Apparel,Topwear,Shirts,Black,Fall,2011.0,Casual,Indigo Nation Men Black & Blue Stripe Shirt
9454,Men,Apparel,Topwear,Shirts,White,Fall,2011.0,Formal,John Miller Men White Check Shirt
18881,Women,Apparel,Topwear,Shirts,White,Fall,2011.0,Casual,Arrow Woman Lana White Shirt
15967,Men,Apparel,Topwear,Shirts,Red,Fall,2011.0,Casual,Turtle Check Men Red Shirt
20154,Men,Apparel,Topwear,Shirts,Navy Blue,Fall,2011.0,Casual,Wrangler Men Tylor Navy Blue Shirt
17549,Men,Apparel,Topwear,Shirts,Grey,Fall,2011.0,Formal,Mark Taylor Men Grey & White Striped Shirt
12183,Men,Apparel,Topwear,Shirts,White,Fall,2011.0,Casual,Basics Men White Slim Fit Checked Shirt
31147,Boys,Apparel,Topwear,Shirts,Blue,Summer,2012.0,Casual,Gini and Jony Boys Check Blue Shirt
23186,Men,Apparel,Topwear,Shirts,Black,Fall,2011.0,Formal,Black Coffee Men Grey and Black Shirt
9420,Men,Apparel,Topwear,Shirts,Maroon,Fall,2011.0,Formal,John Miller Men Maroon grey Stripe Maroon Shirts
26050,Men,Apparel,Topwear,Shirts,Blue,Summer,2012.0,Formal,John Miller Men Striped Blue Shirt
13487,Men,Apparel,Topwear,Shirts,Blue,Fall,2011.0,Casual,Spykar Men Stripes Blue Shirts
6779,Men,Apparel,Topwear,Shirts,Olive,Summer,2011.0,Casual,Timberland Men Claremont Popl Olive Shirt
9480,Men,Apparel,Topwear,Shirts,Green,Fall,2011.0,Formal,John Miller Men Green white check Purple Shirts
43304,Women,Apparel,Topwear,Shirts,White,Summer,2012.0,Casual,United Colors of Benetton Women White Shirt
16327,Men,Apparel,Topwear,Shirts,White,Fall,2011.0,Casual,Peter England Men Solid White Shirt
8737,Men,Apparel,Topwear,Shirts,White,Fall,2011.0,Casual,Indigo Nation Men Checks Shirt Purple Shirts
38823,Women,Apparel,Topwear,Shirts,Navy Blue,Fall,2012.0,Casual,Latin Quarters Women Navy Blue Shirt
33057,Men,Apparel,Topwear,Shirts,Black,Summer,2012.0,Casual,U.S. Polo Assn. Denim Co. Men Black Shirt
51404,Men,Apparel,Topwear,Shirts,Blue,Summer,2012.0,Casual,Myntra Men Blue Shirt
14053,Men,Apparel,Topwear,Shirts,Blue,Fall,2011.0,Casual,Flying Machine Men Check  Blue Shirts
31620,Men,Apparel,Topwear,Shirts,Grey,Summer,2012.0,Formal,Indigo Nation Men Grey Shirt
13327,Men,Apparel,Topwear,Shirts,Green,Fall,2011.0,Casual,Gini and Jony Kids Boys Printed Green Tshirts
41665,Men,Apparel,Topwear,Shirts,Brown,Summer,2012.0,Formal,Mark Taylor Men Brown Striped Shirt
23196,Men,Apparel,Topwear,Shirts,Green,Fall,2011.0,Casual,Highlander Men Green Check Shirt
19465,Men,Apparel,Topwear,Shirts,Navy Blue,Fall,2011.0,Casual,Quiksilver Men Navy Blue Check Shirt
8759,Men,Apparel,Topwear,Shirts,Red,Fall,2011.0,Casual,Indigo Nation Men Checks Shirt Red Shirts
11058,Men,Apparel,Topwear,Shirts,Purple,Fall,2011.0,Casual,Scullers Men Check Purple Shirts
22385,Men,Apparel,Topwear,Shirts,White,Fall,2011.0,Casual,Mark Taylor Men Solid White Shirt
46393,Men,Apparel,Topwear,Shirts,Olive,Summer,2012.0,Casual,ADIDAS Men Olive Shirt
12357,Men,Apparel,Topwear,Shirts,Blue,Fall,2011.0,Formal,Reid & Taylor Men Check Blue Shirts
9612,Men,Apparel,Topwear,Shirts,Yellow,Fall,2011.0,Casual,Indigo Nation Men Stripes Yellow Shirt
24858,Men,Apparel,Topwear,Shirts,White,Summer,2011.0,Formal,Mark Taylor Men White Striped Shirt
31101,Boys,Apparel,Topwear,Shirts,Black,Summer,2012.0,Casual,Gini and Jony Boys Check Black Shirt
33493,Men,Apparel,Topwear,Shirts,Blue,Summer,2012.0,Casual,Doodle Kids Boy Check Blue Shirt
17164,Men,Apparel,Topwear,Shirts,Blue,Fall,2011.0,Casual,U.S. Polo Assn. Men Checks Blue Shirt
5974,Men,Apparel,Topwear,Shirts,Green,Summer,2011.0,Casual,Locomotive Men Green Black White Checked Shirt
51401,Men,Apparel,Topwear,Shirts,Blue,Summer,2012.0,Casual,Myntra Men Blue and Yellow Check Shirt
37143,Men,Apparel,Topwear,Shirts,Blue,Summer,2012.0,Casual,Wills Lifestyle Men Blue Gingham Shirt
58800,Men,Apparel,Topwear,Shirts,Navy Blue,Fall,2012.0,Casual,Highlander Men Blue Check Shirt
9659,Men,Apparel,Topwear,Shirts,Blue,Fall,2011.0,Casual,Indigo Nation Men Reversible Bling Blue Shirts
18756,Women,Apparel,Topwear,Shirts,Blue,Fall,2011.0,Casual,Arrow Woman Kiro Blue Shirt
22398,Men,Apparel,Topwear,Shirts,White,Fall,2011.0,Casual,Mark Taylor Men Striped White Shirt
27894,Women,Apparel,Topwear,Shirts,Maroon,Summer,2012.0,Casual,Scullers For Her Check Maroon Shirt
13755,Men,Apparel,Topwear,Shirts,Black,Fall,2011.0,Formal,Belmonte Men Check Black Shirts
19853,Men,Apparel,Topwear,Shirts,Blue,Fall,2011.0,Casual,U.S. Polo Assn. Men Striped Blue Shirt
9616,Men,Apparel,Topwear,Shirts,Black,Fall,2011.0,Casual,Indigo Nation Men Checks Black White Shirts
20146,Men,Apparel,Topwear,Shirts,Navy Blue,Fall,2011.0,Casual,Wrangler Men Urban Navy Blue Shirt
27931,Women,Apparel,Topwear,Shirts,White,Summer,2012.0,Casual,Jealous 21 Women White Shirt
14712,Men,Apparel,Topwear,Shirts,Off White,Winter,2011.0,Formal,Genesis Off-White Formal Shirt
41661,Men,Apparel,Topwear,Shirts,Blue,Summer,2012.0,Formal,Mark Taylor Men Blue Striped Shirt
8181,Men,Apparel,Topwear,Shirts,Purple,Summer,2011.0,Casual,Locomotive Men Check Ladislav Purple Shirts
5943,Men,Apparel,Topwear,Shirts,Green,Summer,2011.0,Casual,Locomotive Men Green Checked Shirt
6867,Women,Apparel,Topwear,Shirts,Grey,Summer,2011.0,Casual,Forever New Women Light Brown & Grey Striped Shirt
20029,Men,Apparel,Topwear,Shirts,Grey,Fall,2011.0,Casual,United Colors of Benetton Men Solid Grey Shirt
58809,Men,Apparel,Topwear,Shirts,White,Fall,2012.0,Casual,Highlander Men White Striped Shirt
10811,Men,Apparel,Topwear,Shirts,Red,Fall,2011.0,Casual,Wrangler Men Rodeo 47 Tab Pkt Red Shirts
26116,Men,Apparel,Topwear,Shirts,Blue,Summer,2012.0,Formal,John Miller Men Striped Blue Shirt
12254,Men,Apparel,Topwear,Shirts,Red,Fall,2011.0,Formal,Genesis Men Check Red Shirts
10814,Men,Apparel,Topwear,Shirts,Purple,Fall,2011.0,Casual,Wrangler Men Easter Bright Amslar Purple Shirt
21118,Men,Apparel,Topwear,Shirts,Olive,Fall,2011.0,Casual,s.Oliver Men Check Olive Shirt
10185,Men,Apparel,Topwear,Shirts,White,Fall,2011.0,Casual,Indigo Nation Men Price catch White Shirts
8805,Men,Apparel,Topwear,Shirts,Black,Fall,2011.0,Casual,Scullers Men Scul White Black Shirt
12292,Men,Apparel,Topwear,Shirts,Blue,Fall,2011.0,Formal,Genesis Men Check Blue Shirts
48371,Men,Apparel,Topwear,Shirts,Black,Summer,2012.0,Casual,French Connection Men Black Check Shirt
10810,Men,Apparel,Topwear,Shirts,Blue,Fall,2011.0,Casual,Wrangler Men Mark Rodeo Riveted Blue Shirts
12376,Men,Apparel,Topwear,Shirts,White,Fall,2011.0,Casual,Reid & Taylor Men Check White Shirts
12387,Men,Apparel,Topwear,Shirts,Orange,Fall,2011.0,Formal,Reid & Taylor Men Stripes Orange Shirts
29322,Men,Apparel,Topwear,Shirts,Maroon,Summer,2012.0,Casual,Probase Men Check Maroon Shirt
8586,Men,Apparel,Topwear,Shirts,Red,Fall,2011.0,Casual,Scullers Men Red Shirt
9231,Men,Apparel,Topwear,Shirts,Grey,Fall,2011.0,Formal,Mark Taylor Men Grey Striped Shirt
20148,Men,Apparel,Topwear,Shirts,Black,Fall,2011.0,Casual,Wrangler Men Dodge Black Shirt
33241,Men,Apparel,Topwear,Shirts,Blue,Summer,2012.0,Formal,Arrow Men Blue Striped Shirt
22573,Men,Apparel,Topwear,Shirts,Red,Summer,2011.0,Casual,Highlander Men Check Red Shirt
11701,Men,Apparel,Topwear,Shirts,White,Fall,2011.0,Casual,Lee Men Check White Shirts
26088,Men,Apparel,Topwear,Shirts,Purple,Summer,2012.0,Formal,John Miller Men Striped Purple Shirt
20177,Men,Apparel,Topwear,Shirts,Maroon,Fall,2011.0,Casual,Wrangler Men Tiny Maroon Shirt
9519,Men,Apparel,Topwear,Shirts,Maroon,Fall,2011.0,Formal,John Miller Men white pink black check Maroon Shirts
26516,Men,Apparel,Topwear,Shirts,Navy Blue,Spring,2012.0,Casual,Arrow Sport Men Navy Blue Check Shirt
16037,Men,Apparel,Topwear,Shirts,Green,Fall,2011.0,Casual,Highlander Men Check Green Shirt
33967,Women,Apparel,Topwear,Shirts,Black,Summer,2012.0,Casual,Femella Women Black Top
13867,Men,Apparel,Topwear,Shirts,Red,Fall,2011.0,Casual,Scullers Men Check Red Shirts
13735,Men,Apparel,Topwear,Shirts,Green,Fall,2011.0,Formal,Belmonte Men Stripes Green Shirts
16340,Men,Apparel,Topwear,Shirts,Maroon,Fall,2011.0,Formal,Peter England Men Stripes Maroon Shirt
6784,Men,Apparel,Topwear,Shirts,Blue,Summer,2011.0,Casual,Timberland Men Pelham Plaid Blue Shirt
16387,Men,Apparel,Topwear,Shirts,Orange,Fall,2011.0,Formal,Peter England Men Stripes Orange Shirt
26059,Men,Apparel,Topwear,Shirts,Black,Summer,2012.0,Formal,John Miller Men Gingham Black Shirt
29291,Men,Apparel,Topwear,Shirts,Green,Summer,2012.0,Casual,Wrangler Men Striped Green Shirt
16399,Men,Apparel,Topwear,Shirts,White,Fall,2011.0,Casual,Levis Men White Striped Shirt
10476,Men,Apparel,Topwear,Shirts,Pink,Fall,2011.0,Casual,Flying Machine Men Ydc Pink Shirts
22395,Men,Apparel,Topwear,Shirts,Blue,Fall,2011.0,Casual,Mark Taylor Men Striped Blue Shirt
31639,Men,Apparel,Topwear,Shirts,Maroon,Summer,2012.0,Casual,Indigo Nation Men Check Maroon Shirt
41660,Men,Apparel,Topwear,Shirts,Blue,Summer,2012.0,Formal,Mark Taylor Men Blue Striped Shirt
9664,Men,Apparel,Topwear,Shirts,Maroon,Fall,2011.0,Casual,Indigo Nation Men Bling Maroon Shirt
32762,Men,Apparel,Topwear,Shirts,Blue,Summer,2012.0,Formal,John Miller Men Check Blue Shirt
26958,Women,Apparel,Topwear,Shirts,Teal,Summer,2012.0,Casual,Jealous 21 Women Teal Shirt
43485,Men,Apparel,Topwear,Shirts,Navy Blue,Summer,2012.0,Casual,French Connection Men Navy Blue Shirt
23037,Men,Apparel,Topwear,Shirts,Black,Fall,2011.0,Formal,Arrow Men Black Striped Shirt
31097,Boys,Apparel,Topwear,Shirts,Blue,Summer,2012.0,Casual,Gini and Jony Boys Check Blue Shirt
9634,Men,Apparel,Topwear,Shirts,White,Fall,2011.0,Formal,Indigo Nation Men Price catch Black White Shirts
9064,Men,Apparel,Topwear,Shirts,Blue,Fall,2011.0,Formal,Mark Taylor Men Blue Striped Shirt
31653,Men,Apparel,Topwear,Shirts,White,Summer,2012.0,Casual,Indigo Nation Men White Shirt
7164,Men,Apparel,Topwear,Shirts,Red,Fall,2011.0,Casual,Scullers Men Black & Red Check Shirt
14623,Men,Apparel,Topwear,Shirts,Grey,Fall,2011.0,Casual,United Colors of Benetton Men Check Grey Shirts
16406,Men,Apparel,Topwear,Shirts,Maroon,Fall,2011.0,Casual,Levis Men Check Maroon Shirts
22576,Men,Apparel,Topwear,Shirts,Purple,Fall,2011.0,Casual,Highlander Men Purple Check Shirt
19825,Men,Apparel,Topwear,Shirts,Green,Fall,2011.0,Casual,U.S. Polo Assn. Men Check Green Shirt
8798,Men,Apparel,Topwear,Shirts,Red,Fall,2011.0,Casual,Scullers Men Red Check Shirt
4974,Men,Apparel,Topwear,Shirts,Yellow,Summer,2011.0,Casual,Gini and Jony Boy's Kangaroo Yellow Infant Kidswear
2162,Men,Apparel,Topwear,Shirts,Blue,Spring,2011.0,Casual,Probase Men Blue Slim Fit Solid Casual Shirt
29184,Men,Apparel,Topwear,Shirts,Blue,Summer,2012.0,Casual,United Colors of Benetton Men Blue Shirt
9072,Men,Apparel,Topwear,Shirts,White,Fall,2011.0,Formal,Mark Taylor Men Solid White Shirts
59874,Women,Apparel,Topwear,Shirts,Green,Fall,2012.0,Casual,Femella Women Green Check Shirt
51426,Men,Apparel,Topwear,Shirts,White,Summer,2012.0,Casual,Myntra Men Red Check Shirt
27887,Women,Apparel,Topwear,Shirts,White,Summer,2012.0,Formal,Scullers For Her White Check Shirt
39771,Men,Apparel,Topwear,Shirts,White,Summer,2012.0,Casual,Peter England Men Multi Coloured Casual Shirt
12328,Men,Apparel,Topwear,Shirts,Blue,Winter,2011.0,Formal,Genesis Blue Formal Shirt
27871,Women,Apparel,Topwear,Shirts,White,Summer,2012.0,Casual,Scullers For Her Striped White Shirt
6059,Men,Apparel,Topwear,Shirts,Green,Summer,2011.0,Casual,UCB Men Linen Small Checks Green Shirt
5987,Men,Apparel,Topwear,Shirts,Black,Summer,2011.0,Casual,Highlander Men Black Striped Slim Fit Shirt
11050,Men,Apparel,Topwear,Shirts,Red,Fall,2011.0,Casual,Scullers Men Check Red Shirts
10792,Men,Apparel,Topwear,Shirts,Red,Fall,2011.0,Casual,Wrangler Men Authentic Rope Embro Red Shirts
11693,Men,Apparel,Topwear,Shirts,Red,Fall,2011.0,Casual,Lee Men Check Red Shirts
41653,Men,Apparel,Topwear,Shirts,Blue,Summer,2012.0,Formal,Mark Taylor Men Blue Striped Shirt
9618,Men,Apparel,Topwear,Shirts,Blue,Fall,2011.0,Casual,Indigo Nation Men Checks Blue Shirts
22384,Men,Apparel,Topwear,Shirts,Blue,Fall,2011.0,Casual,Mark Taylor Men Black & Blue Striped White Shirt
5975,Men,Apparel,Topwear,Shirts,Black,Summer,2011.0,Casual,Locomotive Men Black Maroon Purple Stripe Shirt
6320,Men,Apparel,Topwear,Shirts,Grey,Summer,2011.0,Casual,UCB Men Small Checks Yellow Shirt
11459,Men,Apparel,Topwear,Shirts,Blue,Fall,2011.0,Formal,United Colors of Benetton Men Light Winters Blue Shirts
34038,Boys,Apparel,Topwear,Shirts,Red,Summer,2012.0,Casual,Gini and Jony Boys Check Red Shirt
22356,Men,Apparel,Topwear,Shirts,White,Fall,2011.0,Casual,John Players Men Solid White Shirt
11404,Men,Apparel,Topwear,Shirts,Black,Fall,2011.0,Casual,United Colors of Benetton Men Solid Black Shirts
9658,Men,Apparel,Topwear,Shirts,Maroon,Fall,2011.0,Casual,Indigo Nation Men Reversible Bling Maroon Shirt
8720,Men,Apparel,Topwear,Shirts,Green,Fall,2011.0,Casual,Indigo Nation Men Stripes Green Shirts
19180,Men,Apparel,Topwear,Shirts,White,Summer,2011.0,Casual,United Colors of Benetton Men Check White Shirt
4972,Men,Apparel,Topwear,Shirts,Green,Summer,2011.0,Casual,Gini and Jony Boy's Kangaroo Green White Kidswear
12327,Men,Apparel,Topwear,Shirts,Pink,Winter,2011.0,Formal,Genesis Pink Striped Formal Shirt
13321,Men,Apparel,Topwear,Shirts,Pink,Fall,2011.0,Casual,Gini and Jony Kids Boys Stripes Pink Shirts
9712,Men,Apparel,Topwear,Shirts,White,Fall,2011.0,Casual,Scullers Men Scul White Shirts
17165,Men,Apparel,Topwear,Shirts,Maroon,Fall,2011.0,Formal,U.S. Polo Assn. Men Maroon & White Check Shirt
20129,Women,Apparel,Topwear,Shirts,Purple,Fall,2011.0,Casual,Wrangler Women Belted Purple Shirt
31100,Boys,Apparel,Topwear,Shirts,Navy Blue,Summer,2012.0,Casual,Gini and Jony Boys Check Navy Blue Shirt
19735,Women,Apparel,Topwear,Shirts,White,Fall,2011.0,Casual,United Colors of Benetton Women White Shirt
14663,Men,Apparel,Topwear,Shirts,Navy Blue,Fall,2011.0,Casual,Basics Men Navy Blue Slim Fit Checked Shirt
39697,Men,Apparel,Topwear,Shirts,Navy Blue,Summer,2012.0,Casual,Spykar Men Ranger Navy Blue Shirt
6015,Men,Apparel,Topwear,Shirts,Black,Summer,2011.0,Casual,Highlander Men Small Black Checked Shirt
9254,Men,Apparel,Topwear,Shirts,White,Fall,2011.0,Formal,Mark Taylor Men Solid White Shirts
39780,Men,Apparel,Topwear,Shirts,Yellow,Summer,2012.0,Casual,Peter England Men Yellow Casual Shirts
11468,Men,Apparel,Topwear,Shirts,Blue,Fall,2011.0,Casual,United Colors of Benetton Men Summer Navy Blue Shirt
9498,Men,Apparel,Topwear,Shirts,Pink,Fall,2011.0,Formal,John Miller Men Pink white black check Pink Shirts
12012,Men,Apparel,Topwear,Shirts,Blue,Fall,2011.0,Formal,Mark Taylor Men Blue Striped Shirts
10255,Men,Apparel,Topwear,Shirts,Blue,Fall,2011.0,Casual,Locomotive Men Stripes Blue Shirts
20158,Men,Apparel,Topwear,Shirts,Blue,Fall,2011.0,Casual,Wrangler Men Festa Blue Shirt
13417,Men,Apparel,Topwear,Shirts,Blue,Summer,2011.0,Casual,United Colors of Benetton Men Solid Blue Shirts
17563,Men,Apparel,Topwear,Shirts,Green,Fall,2011.0,Formal,Mark Taylor Men Green & Pink Striped Shirt
43030,Men,Apparel,Topwear,Shirts,Navy Blue,Summer,2012.0,Casual,Scullers Men Navy Blue Shirt
26411,Men,Apparel,Topwear,Shirts,Red,Summer,2012.0,Casual,Turtle Men Check Red Shirt
12304,Men,Apparel,Topwear,Shirts,Red,Fall,2011.0,Formal,Genesis Men Stripes Red Shirts
27892,Women,Apparel,Topwear,Shirts,Black,Summer,2012.0,Formal,Scullers For Her Black Striped Shirt
20283,Men,Apparel,Topwear,Shirts,White,Fall,2011.0,Casual,Basics Men White Checked Shirt
51400,Men,Apparel,Topwear,Shirts,Yellow,Summer,2012.0,Formal,Myntra Men Yellow Shirt
32395,Women,Apparel,Topwear,Shirts,Grey,Summer,2012.0,Formal,Arrow Woman Grey Shirt
8826,Men,Apparel,Topwear,Shirts,White,Fall,2011.0,Casual,Spykar Men Ranger White Mustard Stripe Shirts
9565,Men,Apparel,Topwear,Shirts,Blue,Fall,2011.0,Formal,John Miller Men Striped Blue Shirt
10795,Men,Apparel,Topwear,Shirts,Navy Blue,Fall,2011.0,Casual,Wrangler Men Warnick Square Block Navy Blue Shirts
40671,Women,Apparel,Topwear,Shirts,Pink,Summer,2012.0,Casual,Lee Women Pink & Navy Blue Check Shirt
36590,Men,Apparel,Topwear,Shirts,Red,Summer,2012.0,Casual,Provogue Men Eternity Red Shirt
10818,Men,Apparel,Topwear,Shirts,Red,Fall,2011.0,Casual,Wrangler Men Urban Raiser Red Shirts
40129,Boys,Apparel,Topwear,Shirts,Navy Blue,Summer,2012.0,Casual,Gini and Jony BoysCore Navy Blue Shirt
27148,Men,Apparel,Topwear,Shirts,Grey,Summer,2012.0,Formal,Mark Taylor Men Striped Grey Shirt
5147,Women,Apparel,Topwear,Shirts,Red,Summer,2011.0,Casual,Wrangler Women Ditsy Polka Red Shirt
37723,Men,Apparel,Topwear,Shirts,Blue,Summer,2012.0,Casual,John Players Men Stripes Blue Shirt
41990,Boys,Apparel,Topwear,Shirts,Black,Summer,2012.0,Casual,Gini and Jony Boys Check Black Shirt
8895,Men,Apparel,Topwear,Shirts,Black,Fall,2011.0,Casual,Indigo Nation Men Bling Black Shirts
27561,Men,Apparel,Topwear,Shirts,Lavender,Summer,2012.0,Casual,Scullers Men Striped Lavender Shirt
41606,Men,Apparel,Topwear,Shirts,Beige,Summer,2012.0,Casual,Basics Men Beige Shirt
11045,Men,Apparel,Topwear,Shirts,White,Fall,2011.0,Casual,Scullers Men Check White Shirts
27534,Men,Apparel,Topwear,Shirts,Blue,Summer,2012.0,Casual,Scullers Men Check Blue Shirt
2101,Men,Apparel,Topwear,Shirts,Blue,Winter,2010.0,Casual,Lee Men Check Mason Blue Shirt
33246,Men,Apparel,Topwear,Shirts,Lavender,Spring,2013.0,Formal,Arrow Men Lavender Unstainable Slim Fit Shirt
57295,Men,Apparel,Topwear,Shirts,White,Summer,2012.0,Casual,French Connection Men Blue Shirt
37746,Men,Apparel,Topwear,Shirts,Blue,Summer,2012.0,Casual,John Players Men Check Blue Shirt
9260,Men,Apparel,Topwear,Shirts,Blue,Fall,2011.0,Formal,Mark Taylor Men Blue Striped Shirt
6789,Men,Apparel,Topwear,Shirts,Green,Summer,2011.0,Casual,Timberland Men Meriden White Check Shirt
13283,Men,Apparel,Topwear,Shirts,Blue,Fall,2011.0,Casual,Gini and Jony Kids Boys Check Blue Shirts
51410,Men,Apparel,Topwear,Shirts,White,Summer,2012.0,Formal,Myntra Men White and Navy Blue Check Shirt
9157,Women,Apparel,Topwear,Shirts,Pink,Fall,2011.0,Casual,Jealous 21 Women Checks Pink Shirt
15086,Men,Apparel,Topwear,Shirts,Blue,Fall,2011.0,Casual,Mother Earth Men Check Blue Shirts
8728,Men,Apparel,Topwear,Shirts,Purple,Fall,2011.0,Casual,Indigo Nation Men Checks Purple Shirts
13460,Men,Apparel,Topwear,Shirts,Green,Summer,2011.0,Casual,United Colors of Benetton Men Solid Green Shirts
9462,Men,Apparel,Topwear,Shirts,White,Fall,2011.0,Formal,John Miller Men White Check Shirt
24050,Men,Apparel,Topwear,Tshirts,Blue,Fall,2011.0,Casual,Locomotive Men Printed Blue T-shirt
13967,Men,Apparel,Topwear,Tshirts,Red,Fall,2011.0,Casual,Ed Hardy Men Printed Red Tshirts
4256,Men,Apparel,Topwear,Tshirts,Grey Melange,Summer,2011.0,Casual,Inkfruit Men Grey Melange Printed T-shirt
50194,Boys,Apparel,Topwear,Tshirts,Black,Summer,2012.0,Casual,Gini and Jony Boys Black T-shirt
58372,Men,Apparel,Topwear,Tshirts,Beige,Summer,2012.0,Casual,Locomotive Men Beige T-shirt
4361,Men,Apparel,Topwear,Tshirts,Blue,Summer,2011.0,Casual,Free Authority Men's Melting Times Blue T-shirt
4319,Unisex,Apparel,Topwear,Tshirts,Blue,Summer,2011.0,Casual,Tantra Kid's Unisex Free Spirit Turquoise Kidswear
9961,Men,Apparel,Topwear,Tshirts,White,Fall,2011.0,Sports,Nike Men Medals Crew White T-Shirts
6724,Men,Apparel,Topwear,Tshirts,Navy Blue,Summer,2011.0,Casual,Locomotive Men's Print Electric Supply Blue T-shirt
3110,Men,Apparel,Topwear,Tshirts,Black,Summer,2011.0,Casual,Probase Men's Western Highway Black T-shirt
13966,Men,Apparel,Topwear,Tshirts,White,Fall,2011.0,Casual,Ed Hardy Men Solid White Tshirts
6272,Men,Apparel,Topwear,Tshirts,Grey,Summer,2011.0,Casual,UCB Men's Contrast Rib Grey T-shirt
6066,Men,Apparel,Topwear,Tshirts,Black,Summer,2011.0,Casual,UCB Men's Polo Neck Striper Heavy Wash Black Pink T-shirt
22330,Men,Apparel,Topwear,Tshirts,White,Fall,2011.0,Casual,John Players Men Stripes White T-Shirt
37155,Men,Apparel,Topwear,Tshirts,White,Summer,2016.0,Casual,Campbell Men Pack of 3 T-shirt
29247,Men,Apparel,Topwear,Tshirts,Yellow,Summer,2012.0,Sports,ADIDAS Men Lakers Yellow Jersey
8340,Boys,Apparel,Topwear,Tshirts,Black,Fall,2011.0,Casual,Doodle Boy's Volleyball Champion Black White Kidswear
3943,Women,Apparel,Topwear,Tshirts,Maroon,Summer,2011.0,Casual,Jealous 21 Women's Maroon T-shirt
4082,Men,Apparel,Topwear,Tshirts,Beige,Summer,2011.0,Casual,Inkfruit Men's Avast Ye Beige T-shirt
7012,Men,Apparel,Topwear,Tshirts,Green,Summer,2011.0,Casual,Classic Polo Men's Green Polo With Grey Stripes T-shirt
12884,Men,Apparel,Topwear,Tshirts,Grey,Fall,2011.0,Casual,Spykar Men Helmet Grey T-Shirts
28844,Men,Apparel,Topwear,Tshirts,Charcoal,Summer,2012.0,Casual,Proline Men Charcoal T-shirt
2091,Men,Apparel,Topwear,Tshirts,Maroon,Fall,2010.0,Sports,ADIDAS Mens ESS 3S Polo T-shirt
10993,Men,Apparel,Topwear,Tshirts,Grey,Fall,2011.0,Casual,Inkfruit Men Tea Kwon Do Grey Tshirts
3779,Men,Apparel,Topwear,Tshirts,Black,Summer,2011.0,Casual,Status Quo Men's Black Polo T-shirt
33304,Boys,Apparel,Topwear,Tshirts,Yellow,Summer,2012.0,Casual,Gini and Jony Boys Pack of 2 T-shirts
7003,Men,Apparel,Topwear,Tshirts,Blue,Summer,2011.0,Casual,s.Oliver Men's Sky Polo Blue T-shirt
2847,Men,Apparel,Topwear,Tshirts,Purple,Summer,2011.0,Casual,Mr.Men Men's Is There More Love Purple T-shirt
10465,Men,Apparel,Topwear,Tshirts,Purple,Fall,2011.0,Casual,Flying Machine Men Paisley Purple Tshirts
7749,Men,Apparel,Topwear,Tshirts,Purple,Fall,2011.0,Casual,Indigo Nation Men Young Lords Purple T-shirt
51370,Men,Apparel,Topwear,Tshirts,Black,Summer,2012.0,Casual,Spykar Men Black T-shirt
37532,Boys,Apparel,Topwear,Tshirts,Blue,Summer,2012.0,Casual,Madagascar3 Infant Boys Light Blue T-Shirt
4209,Boys,Apparel,Topwear,Tshirts,Green,Summer,2011.0,Casual,Disney Kids Boy's Green Mickey On Skates Kidswear
2615,Men,Apparel,Topwear,Tshirts,Blue,Fall,2010.0,Sports,Nike Black Bleed Blue T-shirt
31102,Boys,Apparel,Topwear,Tshirts,Red,Summer,2012.0,Casual,Gini and jony Boys Printed Red T-shirt
18618,Men,Apparel,Topwear,Tshirts,Blue,Fall,2011.0,Casual,Puma Men Team Essential Moonlight Steelblue Polo Tshirts
7817,Men,Apparel,Topwear,Tshirts,Purple,Fall,2011.0,Casual,Proline Men Purple Striped Polo T-shirt
23973,Men,Apparel,Topwear,Tshirts,Purple,Fall,2011.0,Casual,Peter England Men Purple Printed T-shirt
4371,Men,Apparel,Topwear,Tshirts,Grey,Summer,2011.0,Casual,Mickey Men's Pluto Order Comic Charcoal T-shirt
3082,Men,Apparel,Topwear,Tshirts,Navy Blue,Summer,2011.0,Casual,Probase Men's Cartoon Navy T-shirt
24275,Men,Apparel,Topwear,Tshirts,White,Summer,2012.0,Casual,Quiksilver Men Basic White T-shirt
28565,Men,Apparel,Topwear,Tshirts,Blue,Summer,2012.0,Casual,Nike Men Air Bags Blue T-shirt
9783,Men,Apparel,Topwear,Tshirts,White,Fall,2011.0,Casual,ADIDAS Men Bnce Hop White Tshirts
13232,Men,Apparel,Topwear,Tshirts,Orange,Fall,2011.0,Casual,Palm Tree Kids Boys Printed Orange Tshirts
57424,Women,Apparel,Topwear,Tshirts,Charcoal,Summer,2015.0,Casual,Angry Birds Women Charcoal T-shirt
38605,Men,Apparel,Topwear,Tshirts,Yellow,Summer,2012.0,Casual,Nike Men Yellow Eligible Athlete T-shirt
6551,Men,Apparel,Topwear,Tshirts,Blue,Summer,2011.0,Sports,Nike Men's Miler Singlet Blue T-shirt
2861,Men,Apparel,Topwear,Tshirts,Green,Summer,2011.0,Casual,Inkfruit Men's I am Hooked Green T-shirt
32768,Men,Apparel,Topwear,Tshirts,Grey,Spring,2013.0,Casual,Music Men Printed Grey T-shirt
42394,Women,Apparel,Topwear,Tshirts,Purple,Summer,2012.0,Casual,Flying Machine Women Purple T-shirt
30647,Men,Apparel,Topwear,Tshirts,Black,Summer,2012.0,Casual,Nike Men U Logo Black T-shirt
23627,Men,Apparel,Topwear,Tshirts,White,Spring,2013.0,Casual,Beatles Men White Printed T-Shirt
40974,Boys,Apparel,Topwear,Tshirts,Green,Summer,2012.0,Casual,Gini and Jony Boys United Green T-shirt
33935,Men,Apparel,Topwear,Tshirts,Turquoise Blue,Summer,2012.0,Casual,ADIDAS Men Polo Turquoise Blue T-Shirt
4398,Men,Apparel,Topwear,Tshirts,Green,Summer,2011.0,Casual,Free Authority Men's Foil Raw Edge Washed Olive T-shirt
31586,Men,Apparel,Topwear,Tshirts,Yellow,Summer,2012.0,Casual,Mark Taylor Men Printed Yellow T-shirt
44834,Men,Apparel,Topwear,Tshirts,Black,Summer,2012.0,Sports,Puma Men Black Training T-shirt
4315,Unisex,Apparel,Topwear,Tshirts,Brown,Summer,2011.0,Casual,Tantra Kid's Unisex Harappa Choco Brown Kidswear
34399,Men,Apparel,Topwear,Tshirts,Black,Summer,2012.0,Casual,Myntra Men Global Response Black T-shirt
15933,Men,Apparel,Topwear,Tshirts,Blue,Fall,2011.0,Casual,Regent Polo Club Men Solid Blue Tshirt
35880,Boys,Apparel,Topwear,Tshirts,White,Summer,2012.0,Casual,Jungle Book Boys Royal White T-shirt
2056,Men,Apparel,Topwear,Tshirts,Grey,Winter,2010.0,Casual,Lee Men's Ten Minutes to Midnight T-shirt
2054,Men,Apparel,Topwear,Tshirts,Maroon,Winter,2010.0,Casual,Lee Men's Stone T-shirt
4402,Men,Apparel,Topwear,Tshirts,Black,Summer,2011.0,Casual,Billy Idol Men's Faceless Black T-shirt
5442,Women,Apparel,Topwear,Tshirts,Blue,Summer,2011.0,Casual,Nike Women's Striped Polo Blue T-shirt
41752,Boys,Apparel,Topwear,Tshirts,Yellow,Summer,2012.0,Casual,Doodle Boys Printed Yellow T-shirt
29157,Boys,Apparel,Topwear,Tshirts,Pink,Summer,2012.0,Casual,United Colors of Benetton Boys Hopeland Pink T-shirt
14648,Men,Apparel,Topwear,Tshirts,Black,Fall,2011.0,Casual,Probase Men White Grafitti Black Tshirts
9974,Men,Apparel,Topwear,Tshirts,Black,Fall,2011.0,Sports,Nike Men Black Polo Tshirts
48448,Men,Apparel,Topwear,Tshirts,Purple,Summer,2012.0,Casual,French Connection Men Purple T-shirt
32924,Men,Apparel,Topwear,Tshirts,Navy Blue,Summer,2012.0,Casual,Status Quo Men Printed Navy Blue T-shirt
18245,Men,Apparel,Topwear,Tshirts,White,Fall,2011.0,Casual,Manchester United Men Printed White Tshirt
31148,Boys,Apparel,Topwear,Tshirts,White,Summer,2012.0,Casual,Gini and Jony Boys Printed White T-shirt
4359,Men,Apparel,Topwear,Tshirts,Black,Summer,2011.0,Casual,Free Authority Men's Melting Records Black T-shirt
23638,Men,Apparel,Topwear,Tshirts,Green,Summer,2012.0,Casual,DC Comics Men Green T-shirt
13429,Men,Apparel,Topwear,Tshirts,Maroon,Summer,2011.0,Casual,United Colors of Benetton Men Printed Maroon Tshirts
38152,Women,Apparel,Topwear,Tshirts,White,Summer,2012.0,Casual,Wildcraft Women White T-shirt
6063,Men,Apparel,Topwear,Tshirts,White,Summer,2011.0,Casual,UCB Men's Roundneck Take Good Look White T-shirt
27445,Women,Apparel,Topwear,Tshirts,Coffee Brown,Winter,2015.0,Casual,Jockey Women Coffee Brown T-shirt
2484,Women,Apparel,Topwear,Tshirts,White,Fall,2010.0,Sports,Puma Women Spagetti White Top
32970,Men,Apparel,Topwear,Tshirts,Black,Summer,2012.0,Casual,Angry Birds Men Printed Black T-shirt
6512,Men,Apparel,Topwear,Tshirts,Green,Summer,2011.0,Casual,ADIDAS Men's Light Green T-shirt
34314,Men,Apparel,Topwear,Tshirts,Orange,Summer,2012.0,Casual,Myntra Men Orange Urban T-shirt
25504,Boys,Apparel,Topwear,Tshirts,Blue,Fall,2011.0,Casual,Doodle Kids Boys Soccer Blue T-Shirt
14729,Men,Apparel,Topwear,Tshirts,White,Fall,2011.0,Casual,Ed Hardy Men Don.Ed White Tshirts
40057,Men,Apparel,Topwear,Tshirts,Blue,Summer,2012.0,Casual,ADIDAS Men Blue Printed T-shirt
2307,Women,Apparel,Topwear,Tshirts,Purple,Fall,2010.0,Sports,Nike Women Purple Polo T-shirt
26479,Men,Apparel,Topwear,Tshirts,Black,Summer,2012.0,Casual,Puma Men Ferrari Black Polo T-shirt
11363,Men,Apparel,Topwear,Tshirts,Black,Summer,2011.0,Casual,United Colors of Benetton Men Solid Black Tshirt
38494,Boys,Apparel,Topwear,Tshirts,Green,Summer,2012.0,Casual,Gini and Jony Boys United Green T-shirt
24911,Boys,Apparel,Topwear,Tshirts,Grey,Summer,2012.0,Casual,United Colors of Benetton Kids Boys Grey Printed T-shirt
19581,Men,Apparel,Topwear,Tshirts,White,Summer,2011.0,Casual,United Colors of Benetton Men Printed White Tshirt
1762,Women,Apparel,Topwear,Tshirts,Blue,Fall,2010.0,Sports,Lotto Women Cathy Blue T-shirt
27444,Women,Apparel,Topwear,Tshirts,Black,Fall,2015.0,Casual,Jockey Women Black T-shirt
26246,Men,Apparel,Topwear,Tshirts,Green,Summer,2012.0,Casual,Proline Men Green Polo Tshirt
26725,Men,Apparel,Topwear,Tshirts,Black,Summer,2012.0,Casual,Puma Men Large Logo Graphic Black T-shirt
12054,Men,Apparel,Topwear,Tshirts,White,Fall,2011.0,Casual,Spykar Men Printed White T-Shirts
40267,Men,Apparel,Topwear,Tshirts,White,Summer,2012.0,Casual,Scullers Men Striped White T-shirt
4780,Women,Apparel,Topwear,Tshirts,Pink,Summer,2011.0,Sports,ADIDAS Women's Balance Pink T-shirt
3769,Men,Apparel,Topwear,Tshirts,Blue,Summer,2011.0,Casual,Status Quo Men's Blue Polo T-shirt
3991,Men,Apparel,Topwear,Tshirts,White,Summer,2011.0,Casual,Mr.Men Men's Wave Rider White T-shirt
11778,Men,Apparel,Topwear,Tshirts,Grey,Fall,2011.0,Casual,Lee Men Solid Grey Tshirts
29019,Men,Apparel,Topwear,Tshirts,Navy Blue,Summer,2012.0,Casual,ADIDAS Men Color Block Navy Blue T-shirt
7006,Men,Apparel,Topwear,Tshirts,Black,Summer,2011.0,Casual,s.Oliver Men's Sound Rebels Black T-shirt
39003,Boys,Apparel,Topwear,Tshirts,White,Summer,2012.0,Casual,Gini and Jony Boys Unit White T-shirt
53804,Men,Apparel,Topwear,Tshirts,Black,Summer,2012.0,Casual,Puma Men Black T-shirt
14727,Men,Apparel,Topwear,Tshirts,Blue,Fall,2011.0,Casual,Ed Hardy Men Tiger Print Blue Tshirts
16913,Men,Apparel,Topwear,Tshirts,Charcoal,Fall,2011.0,Casual,Mr. Men Men Printed Grey Tshirt
10374,Women,Apparel,Topwear,Tshirts,Green,Fall,2011.0,Casual,United Colors of Benetton Women Solid Green T-shirt
15190,Men,Apparel,Topwear,Tshirts,Navy Blue,Fall,2011.0,Casual,Arrow Sport Men Solid Navy Blue Polo Tshirts
36001,Boys,Apparel,Topwear,Tshirts,Orange,Summer,2012.0,Casual,Ben 10 Boys Crew Orange T-shirt
17497,Men,Apparel,Topwear,Tshirts,Grey,Fall,2011.0,Casual,Classic Polo Men Stripes Grey Polo T-Shirt
8275,Men,Apparel,Topwear,Tshirts,Blue,Fall,2011.0,Casual,Mr.Men Men's Coral Red T-shirt
3713,Men,Apparel,Topwear,Tshirts,Green,Summer,2011.0,Casual,Lee Men Green Polo T-shirt
2243,Men,Apparel,Topwear,Tshirts,White,Fall,2010.0,Sports,ADIDAS Men Stripe Polo White Polo T-shirt
16191,Men,Apparel,Topwear,Tshirts,White,Fall,2011.0,Casual,Puma Men Graphic White TShirt
7450,Men,Apparel,Topwear,Tshirts,Cream,Summer,2011.0,Casual,Proline Men Cream Striped Polo T-shirt
46385,Men,Apparel,Topwear,Tshirts,Green,Summer,2012.0,Casual,ADIDAS Men Green Printed T-shirt
8290,Men,Apparel,Topwear,Tshirts,Navy Blue,Fall,2011.0,Casual,Mr.Men Men's Navy Melange T-shirt
14101,Men,Apparel,Topwear,Tshirts,White,Fall,2011.0,Casual,Flying Machine Men Printed White Tshirts
11008,Women,Apparel,Topwear,Tshirts,Cream,Fall,2011.0,Casual,Inkfruit Women Behind Cream Tshirts
3845,Men,Apparel,Topwear,Tshirts,Brown,Summer,2011.0,Casual,Wrangler Men's Wild Horse Brown T-shirt
3364,Men,Apparel,Topwear,Tshirts,Blue,Summer,2011.0,Casual,Myntra Men's Brain Blue T-shirt
8207,Men,Apparel,Topwear,Tshirts,Red,Summer,2011.0,Casual,Locomotive Men Solid Langworth Red T-Shirts
2680,Men,Apparel,Topwear,Tshirts,Blue,Summer,2011.0,Casual,Inkfruit Men's Indian Rule Blue T-shirt
4192,Boys,Apparel,Topwear,Tshirts,Green,Summer,2011.0,Casual,Disney Kids Boy's Green Naughty Donald Kidswear
12847,Boys,Apparel,Topwear,Tshirts,Black,Fall,2011.0,Casual,Ant Kids Boys National Champion Black Tshirts
7847,Men,Apparel,Topwear,Tshirts,Black,Fall,2011.0,Casual,Proline Men Black Round Neck T-shirt
30144,Women,Apparel,Topwear,Tshirts,Black,Summer,2012.0,Casual,Flying Machine Women Printed Black T-shirt
3788,Men,Apparel,Topwear,Tshirts,White,Summer,2011.0,Casual,Basics Men White & Blue Striped Polo T-shirt
4251,Men,Apparel,Topwear,Tshirts,Green,Summer,2011.0,Casual,Probase Men's Crack Print Ghost Buster Grey T-shirt
2092,Men,Apparel,Topwear,Tshirts,Blue,Fall,2010.0,Sports,ADIDAS Mens Polo Blue Polo T-shirt
19612,Women,Apparel,Topwear,Tshirts,Blue,Summer,2011.0,Casual,United Colors of Benetton Women Solid Blue Tshirt
3120,Men,Apparel,Topwear,Tshirts,Blue,Summer,2011.0,Casual,Probase Men's Freestyler Turquoise T-shirt
2340,Men,Apparel,Topwear,Tshirts,Purple,Fall,2010.0,Casual,Reebok Men Plum Shiamak Purple T-shirt
19789,Men,Apparel,Topwear,Tshirts,Orange,Winter,2016.0,Casual,U.S. Polo Assn. Men Solid Orange Tshirt
2062,Men,Apparel,Topwear,Tshirts,Grey,Winter,2010.0,Casual,Lee Mens  T-shirt
5506,Women,Apparel,Topwear,Tshirts,Yellow,Summer,2011.0,Casual,Nike Women's Yellow Casual T-shirt
32971,Men,Apparel,Topwear,Tshirts,Blue,Summer,2012.0,Casual,Angry Birds Men Printed Blue T-shirt
31236,Men,Apparel,Topwear,Tshirts,White,Summer,2012.0,Casual,Puma Men Graphic White T-shirt
11024,Women,Apparel,Topwear,Tshirts,Purple,Fall,2011.0,Casual,Wrangler Women Purple T-shirt
24269,Men,Apparel,Topwear,Tshirts,Grey,Fall,2011.0,Casual,Quiksilver Men Grey Printed T-shirt
25921,Women,Apparel,Topwear,Tshirts,Green,Summer,2012.0,Casual,Femella Women Lime Green T-shirt
38637,Men,Apparel,Topwear,Tshirts,Red,Summer,2012.0,Casual,Nike Men Red Delhi T-shirt
10871,Men,Apparel,Topwear,Tshirts,Grey,Fall,2011.0,Casual,Wrangler Men Dirtcross Grey T-Shirts
32464,Men,Apparel,Topwear,Tshirts,Black,Summer,2012.0,Casual,ADIDAS Men Graphic Black T-shirt
3926,Men,Apparel,Topwear,Tshirts,Blue,Summer,2011.0,Casual,Wrangler Men's Wanderer's Dream Sky T-shirt
19110,Men,Apparel,Topwear,Tshirts,Beige,Winter,2016.0,Casual,Campbell Men Pack of 3 Solid Tshirts
28928,Men,Apparel,Topwear,Tshirts,Charcoal,Summer,2012.0,Casual,Mr. Men Printed Charcoal T-shirt
34100,Boys,Apparel,Topwear,Tshirts,Blue,Summer,2012.0,Casual,Doodle Boys Printed Blue T-shirt
38803,Men,Apparel,Topwear,Tshirts,Blue,Summer,2012.0,Casual,Marvel Men Blue Printed T-shirt
36737,Women,Apparel,Topwear,Tshirts,Green,Summer,2012.0,Casual,Spykar Women Cult Green T-shirt
7801,Men,Apparel,Topwear,Tshirts,Navy Blue,Fall,2011.0,Casual,Proline Men Navy Polo T-shirt
30302,Men,Apparel,Topwear,Tshirts,Off White,Summer,2012.0,Casual,Myntra Men Evil Minds Off White T-shirt
7837,Men,Apparel,Topwear,Tshirts,Purple,Fall,2011.0,Casual,Proline Men Purple T-shirt
3519,Men,Apparel,Topwear,Tshirts,White,Summer,2011.0,Casual,Myntra Men's I have Multiple Personalities White T-shirt
5153,Women,Apparel,Topwear,Tshirts,White,Summer,2011.0,Casual,Wrangler Women's Side Paisley White T-shirt
58734,Men,Apparel,Topwear,Tshirts,Red,Fall,2012.0,Sports,PUMA Men Red Printed T-shirt
9778,Men,Apparel,Topwear,Tshirts,White,Fall,2011.0,Casual,ADIDAS Men  White Polo Tshirts
4042,Unisex,Apparel,Topwear,Tshirts,Blue,Summer,2011.0,Sports,Rajasthan Royals Kids Authentic Replica Cricket Jersey
14922,Men,Apparel,Topwear,Tshirts,Blue,Fall,2011.0,Casual,Mr. Men Men Sleep Placid Blue Tshirts
20670,Men,Apparel,Topwear,Tshirts,Turquoise Blue,Fall,2011.0,Casual,Classic Polo Men Striped Turquoise Blue Tshirt
33206,Women,Apparel,Topwear,Tshirts,Green,Summer,2012.0,Casual,Sepia Women Printed Green T-shirt
34403,Men,Apparel,Topwear,Tshirts,Black,Summer,2012.0,Casual,Myntra Men Back To The 70s Black T-shirt
2683,Men,Apparel,Topwear,Tshirts,Red,Summer,2011.0,Casual,Inkfruit Men's Red And Black T-shirt
53774,Men,Apparel,Topwear,Tshirts,White,Summer,2012.0,Casual,Puma Men White T-shirt
52148,Women,Apparel,Topwear,Tshirts,Red,Summer,2012.0,Casual,Femella Women Red Polo T-Shirt
31271,Men,Apparel,Topwear,Tshirts,Red,Summer,2012.0,Casual,Puma Men Calonge Graphic Red T-shirt
3792,Men,Apparel,Topwear,Tshirts,Navy Blue,Summer,2011.0,Casual,Basics Men Navy & White Striped Polo T-shirt
9827,Women,Apparel,Topwear,Tshirts,White,Fall,2011.0,Casual,Little Miss Women Printed White T-shirt
17266,Men,Apparel,Topwear,Tshirts,Green,Fall,2011.0,Casual,U.S. Polo Assn. Men Stripes Green  polo Tshirt
5100,Men,Apparel,Topwear,Tshirts,Yellow,Summer,2011.0,Casual,Wrangler Men's Cowboy Color Yellow T-shirt
28550,Men,Apparel,Topwear,Tshirts,Black,Summer,2012.0,Casual,Nike Men Club Pique Polo Black T-shirt
33310,Men,Apparel,Topwear,Tshirts,White,Summer,2012.0,Casual,Jack & Jones Men White & Green Polo T-shirt
10377,Men,Apparel,Topwear,Tshirts,White,Fall,2011.0,Casual,United Colors of Benetton Men Printed White Tshirts
11992,Men,Apparel,Topwear,Tshirts,Green,Fall,2011.0,Casual,Classic Polo Men Stripes Green Tshirts
7954,Men,Apparel,Topwear,Tshirts,Blue,Fall,2011.0,Sports,Puma Men's Knit Polo Mazarine Blue Polo T-shirt
10499,Women,Apparel,Topwear,Tshirts,Yellow,Fall,2011.0,Casual,Flying Machine Women Aspen Yellow Tshirts
22631,Women,Apparel,Topwear,Tshirts,Pink,Fall,2011.0,Sports,Nike Women Printed Pink T-shirt
7447,Men,Apparel,Topwear,Tshirts,Orange,Summer,2011.0,Casual,Proline Men Orange Polo T-shirt
23179,Men,Apparel,Topwear,Tshirts,Yellow,Fall,2011.0,Casual,Mark Taylor Men Yellow Printed T-shirt
17613,Boys,Apparel,Topwear,Tshirts,Red,Fall,2011.0,Casual,Doodle Boys Catch Me Red Tshirt
31273,Men,Apparel,Topwear,Tshirts,Green,Summer,2012.0,Casual,Puma Men Calonge Graphic Green T-shirt
43085,Women,Apparel,Topwear,Tshirts,Yellow,Summer,2012.0,Sports,Nike Women Yellow Polo Neck T-shirt
11406,Men,Apparel,Topwear,Tshirts,Blue,Fall,2011.0,Casual,United Colors Of Benetton Men Light Winter Blue T-Shirts
5097,Men,Apparel,Topwear,Tshirts,White,Summer,2011.0,Casual,Wrangler Men's Hand Of Quality White T-shirt
38586,Women,Apparel,Topwear,Tshirts,Pink,Summer,2012.0,Casual,Nike Women Pink Crew T-shirt
48257,Boys,Apparel,Topwear,Tshirts,Red,Summer,2012.0,Casual,The Amazing Spiderman Boys Red T-shirt
3529,Men,Apparel,Topwear,Tshirts,Navy Blue,Summer,2011.0,Casual,Myntra Men's Ear Plugs Navy Blue T-shirt
3073,Women,Apparel,Topwear,Tshirts,Tan,Summer,2011.0,Casual,Tantra Women's Cut Crap Chocolate T-shirt
6572,Men,Apparel,Topwear,Tshirts,Black,Summer,2011.0,Sports,Nike Men's Challenger Logo Black T-shirt
10822,Men,Apparel,Topwear,Tshirts,Navy Blue,Fall,2011.0,Casual,Wrangler Men Navy Blue Polo Tshirts
9984,Men,Apparel,Topwear,Tshirts,Green,Fall,2011.0,Sports,Nike Men As Value Runn Green T-Shirts
1814,Men,Apparel,Topwear,Tshirts,Brown,Fall,2010.0,Sports,Solognac Men Chocolate Brown  T-shirt
22611,Men,Apparel,Topwear,Tshirts,Green,Fall,2011.0,Sports,Nike Men Green Jersey
4203,Boys,Apparel,Topwear,Tshirts,Blue,Summer,2011.0,Casual,Disney Kids Boy's Blue Regatta Annual Competition Kidswear
37272,Men,Apparel,Topwear,Tshirts,Black,Summer,2012.0,Casual,Tantra Men Black Angry Anna T-shirt
3729,Unisex,Apparel,Topwear,Tshirts,Blue,Summer,2011.0,Sports,Mumbai Indians Kids Match Jersey
9556,Men,Apparel,Topwear,Tshirts,Black,Fall,2011.0,Sports,Nike Men Asem Cricket Swoosh Black T-Shirts
26471,Men,Apparel,Topwear,Tshirts,Navy Blue,Summer,2012.0,Casual,Puma Men Classic Graphic  Navy Blue T-shirt
17513,Men,Apparel,Topwear,Tshirts,Black,Fall,2011.0,Casual,Classic Polo Men Stripes Black Polo T-Shirt
3778,Men,Apparel,Topwear,Tshirts,Green,Summer,2011.0,Casual,Status Quo Men's Green Polo T-shirt
3706,Men,Apparel,Topwear,Tshirts,Grey,Summer,2011.0,Casual,Classic Polo Men's Grey Red & Brown Stripe T-shirt
39067,Men,Apparel,Topwear,Tshirts,Green,Summer,2012.0,Casual,Arrow Sport Men Green T-shirt
54940,Women,Apparel,Topwear,Tshirts,Burgundy,Summer,2012.0,Casual,Do u speak green Women Burgundy T-shirt
7784,Men,Apparel,Topwear,Tshirts,Black,Fall,2011.0,Casual,Proline Men Black Polo T-shirt
3520,Men,Apparel,Topwear,Tshirts,Black,Summer,2011.0,Casual,Myntra Men's Reaching The Moon Black T-shirt
12803,Women,Apparel,Topwear,Tshirts,Pink,Fall,2011.0,Casual,Nike Women Polka Dot Grafitti Pink T-shirt
18631,Men,Apparel,Topwear,Tshirts,Navy Blue,Fall,2011.0,Casual,Puma Men GP Speed Navy Blue Tshirts
2047,Men,Apparel,Topwear,Tshirts,Navy Blue,Fall,2010.0,Sports,ADIDAS Men's Navy Blue T-shirt
4208,Boys,Apparel,Topwear,Tshirts,Red,Summer,2011.0,Casual,Disney Kids Boy's Red Geo Team Kidswear
3044,Men,Apparel,Topwear,Tshirts,Blue,Summer,2011.0,Casual,Tantra Men's Freddie Blue T-shirt
4190,Boys,Apparel,Topwear,Tshirts,Yellow,Summer,2011.0,Casual,Disney Kids Boy's Yellow Little Friends Kidswear
10690,Men,Apparel,Topwear,Tshirts,Yellow,Fall,2011.0,Casual,Doodle Boy Mummy daddy me Yellow Tshirts
2041,Men,Apparel,Topwear,Tshirts,Grey,Fall,2010.0,Sports,ADIDAS Mens Fire Grey T-shirt
26715,Men,Apparel,Topwear,Tshirts,Blue,Summer,2012.0,Casual,Puma Men Large Logo Blue T-shirt
42175,Men,Apparel,Topwear,Tshirts,White,Summer,2017.0,Casual,Status Quo Men White T-shirt
6996,Men,Apparel,Topwear,Tshirts,Brown,Spring,2011.0,Casual,Classic Polo Men's State Athletic Brown T-shirt
15200,Men,Apparel,Topwear,Tshirts,Yellow,Fall,2011.0,Casual,Arrow Sport Men Stripes Yellow Polo Tshirts
4864,Men,Apparel,Topwear,Tshirts,White,Summer,2011.0,Sports,ADIDAS Men Real Madrid White Jersey
40138,Boys,Apparel,Topwear,Tshirts,Yellow,Summer,2012.0,Casual,Gini and Jony Boys Under The Sun Yellow T-shirt
4843,Women,Apparel,Topwear,Tshirts,Black,Summer,2011.0,Sports,Sher Singh Women's Black Polo T-shirt
22796,Men,Apparel,Topwear,Tshirts,Green,Fall,2011.0,Casual,Manchester United Men Green Tshirt
33955,Men,Apparel,Topwear,Tshirts,White,Summer,2012.0,Casual,ADIDAS Men Polo White T-shirt
3285,Men,Apparel,Topwear,Tshirts,Yellow,Summer,2011.0,Casual,Guerrilla Men's Move It Move On Green T-shirt
43498,Men,Apparel,Topwear,Tshirts,Grey Melange,Summer,2012.0,Casual,French Connection Men Grey Melange T-shirt
12629,Men,Apparel,Topwear,Tshirts,Red,Fall,2011.0,Casual,Probase Men Printed Red Tshirts
4313,Unisex,Apparel,Topwear,Tshirts,Pink,Summer,2011.0,Casual,Tantra Kid's Unisex Elephant Pink Kidswear
18226,Men,Apparel,Topwear,Tshirts,Grey,Fall,2011.0,Casual,Manchester United Men Printed Grey Tshirt
37984,Men,Apparel,Topwear,Tshirts,Black,Summer,2012.0,Casual,Classic Polo Men Black & White T-Shirt
7441,Men,Apparel,Topwear,Tshirts,Grey,Summer,2011.0,Casual,Proline Men Grey Striped T-shirt
26263,Men,Apparel,Topwear,Tshirts,Blue,Summer,2013.0,Casual,Proline Men Blue Polo T-Shirt
49962,Men,Apparel,Topwear,Tshirts,White,Summer,2016.0,Casual,Hanes Men White Pack of 3 T-shirts
15475,Men,Apparel,Topwear,Tshirts,Blue,Fall,2011.0,Casual,Puma Men Logo Blue Tshirts
43503,Men,Apparel,Topwear,Tshirts,Green,Summer,2012.0,Casual,French Connection Men Green T-shirt
15000,Men,Apparel,Topwear,Tshirts,White,Fall,2011.0,Sports,ADIDAS Men Solid White Tshirts
16320,Men,Apparel,Topwear,Tshirts,Green,Fall,2011.0,Casual,Peter England Men Printed Green TShirt
2343,Men,Apparel,Topwear,Tshirts,Green,Fall,2010.0,Casual,Reebok Men Basil Green & Blue Polo T-shirt
44813,Women,Apparel,Topwear,Tshirts,Navy Blue,Summer,2012.0,Casual,Spykar Women Navy Blue T-Shirt
7127,Men,Apparel,Topwear,Tshirts,Orange,Fall,2011.0,Casual,Urban Yoga Men's Orange T-shirt
5884,Women,Apparel,Topwear,Tshirts,Black,Summer,2011.0,Casual,Puma Women Classic Black Top
22367,Men,Apparel,Topwear,Tshirts,Red,Fall,2011.0,Casual,Ed Hardy Men Vintage  Brick Red T-Shirt
18847,Men,Apparel,Topwear,Tshirts,White,Fall,2011.0,Casual,Puma Men College  Athletic White  Tshirt
2984,Men,Apparel,Topwear,Tshirts,Red,Fall,2010.0,Casual,Puma Men's Power Cat Graphic Red T-shirt
11997,Men,Apparel,Topwear,Tshirts,Green,Fall,2011.0,Casual,Classic Polo Men Stripes Green Tshirts
44883,Men,Apparel,Topwear,Tshirts,Grey,Summer,2012.0,Casual,Puma Men Grey Striped Polo T-shirt
27392,Men,Apparel,Topwear,Tshirts,White,Summer,2016.0,Casual,2go Active Gear USA Men Pack Of 3 T-shirt
19400,Men,Apparel,Topwear,Tshirts,Navy Blue,Summer,2011.0,Casual,ADIDAS Men Navy Blue T-shirt
2154,Men,Apparel,Topwear,Tshirts,White,Spring,2011.0,Casual,Basics Men Red & Grey Polo T-shirt
3263,Men,Apparel,Topwear,Tshirts,Yellow,Summer,2011.0,Casual,Guerrilla Men's Need Money Yellow T-shirt
14117,Women,Apparel,Bottomwear,Jeans,Blue,Fall,2011.0,Casual,Flying Machine Women Washed Blue Jeans
11520,Women,Apparel,Bottomwear,Jeans,Black,Fall,2011.0,Casual,United Colors of Benetton Women Denim Black Jeans
5768,Women,Apparel,Bottomwear,Jeans,Blue,Summer,2011.0,Casual,Jealous 21 Women Dark Blue Jeggning
50948,Women,Apparel,Bottomwear,Jeans,Black,Winter,2011.0,Casual,Lee Women Black Jeans
52235,Men,Apparel,Bottomwear,Jeans,Blue,Summer,2012.0,Casual,Pepe Jeans Men Dark Blue Jeans
28794,Men,Apparel,Bottomwear,Jeans,Blue,Summer,2012.0,Casual,Denizen Men Blue Jeans
33309,Boys,Apparel,Bottomwear,Jeans,Black,Summer,2012.0,Casual,Palm Tree Boys Solid Black Jeans
11308,Men,Apparel,Bottomwear,Jeans,Black,Spring,2013.0,Casual,Wrangler Men Black Jim Slim Fit Jeans
48386,Men,Apparel,Bottomwear,Jeans,Black,Summer,2012.0,Casual,French Connection Men Black Jeans
21587,Men,Apparel,Bottomwear,Jeans,Blue,Fall,2011.0,Casual,Spykar Men Washed Blue Jeans
42264,Men,Apparel,Bottomwear,Jeans,Blue,Summer,2012.0,Casual,John Players Men Blue Jeans
51501,Women,Apparel,Bottomwear,Jeans,Blue,Summer,2012.0,Casual,Denizen Women Blue Jeans
53296,Men,Apparel,Bottomwear,Jeans,Blue,Summer,2012.0,Casual,Locomotive Men Blue Jeans
23451,Men,Apparel,Bottomwear,Jeans,Black,Summer,2012.0,Casual,Deni Yo Men Black Washed Slim Fit Jeans
9160,Men,Apparel,Bottomwear,Jeans,Grey,Fall,2011.0,Casual,Locomotive Men Cal Grey Jeans
50945,Women,Apparel,Bottomwear,Jeans,Blue,Summer,2013.0,Casual,Lee Womens Blue Maxi Fit Jeans
51482,Men,Apparel,Bottomwear,Jeans,Blue,Summer,2012.0,Casual,Denizen Men Blue Jeans
41010,Girls,Apparel,Bottomwear,Jeans,Navy Blue,Summer,2012.0,Casual,Gini and Jony Girls Woven Navy Blue Jeans
18181,Boys,Apparel,Bottomwear,Jeans,Blue,Fall,2011.0,Casual,Doodle Boys-Boys Washed Blue Jeans
51591,Women,Apparel,Bottomwear,Jeans,Navy Blue,Summer,2012.0,Casual,Wrangler Women Navy Blue Giselle Jeans
41352,Women,Apparel,Bottomwear,Jeans,Black,Summer,2012.0,Casual,Wrangler Women Classics Jeans
11328,Men,Apparel,Bottomwear,Jeans,Blue,Fall,2011.0,Casual,United Colors of Benetton Men Washed Blue Jeans
27021,Women,Apparel,Bottomwear,Jeans,Blue,Summer,2012.0,Casual,Jealous 21 Women Blue Jeans
9175,Men,Apparel,Bottomwear,Jeans,Blue,Fall,2011.0,Casual,Locomotive Men Banks Blue Jeans
18185,Men,Apparel,Bottomwear,Jeans,Blue,Fall,2011.0,Casual,Deni Yo Men Washed Blue Slim Fit Jeans
37202,Girls,Apparel,Bottomwear,Jeans,Grey,Summer,2012.0,Casual,United Colors of Benetton Girls Washed Grey Jeans
7193,Women,Apparel,Bottomwear,Jeans,Black,Fall,2011.0,Casual,Jealous 21 Women Black Jegging
21584,Men,Apparel,Bottomwear,Jeans,Blue,Summer,2011.0,Casual,Locomotive Men Washed Blue Jeans
33283,Boys,Apparel,Bottomwear,Jeans,Black,Summer,2012.0,Casual,Gini and Jony Boys Black Jeans
13672,Unisex,Apparel,Bottomwear,Jeans,Blue,Fall,2011.0,Casual,Levis Kids Blue Solid Jean
31337,Men,Apparel,Bottomwear,Jeans,Blue,Summer,2012.0,Casual,Locomotive Men Washed Blue Jeans
44580,Men,Apparel,Bottomwear,Jeans,Black,Summer,2017.0,Casual,Lee Men Black Jet Jeans
50953,Women,Apparel,Bottomwear,Jeans,Blue,Winter,2011.0,Casual,Lee Womens Blue Maxi Fit Jeans
12333,Women,Apparel,Bottomwear,Jeans,Blue,Fall,2011.0,Casual,Spykar Women Ep Jeans Blue Jeans
28821,Men,Apparel,Bottomwear,Jeans,Navy Blue,Summer,2012.0,Casual,Denizen Men Navy Blue Jeans
20918,Men,Apparel,Bottomwear,Jeans,Blue,Fall,2011.0,Casual,Deni Yo Men Washed Blue Jeans
24848,Men,Apparel,Bottomwear,Jeans,Blue,Fall,2011.0,Casual,Flying Machine Men Washed Blue Jeans
12765,Women,Apparel,Bottomwear,Jeans,Black,Fall,2011.0,Casual,Spykar Women Washed Black Jeans
57074,Women,Apparel,Bottomwear,Jeans,Black,Summer,2012.0,Casual,Elle Women Black Jeans
51503,Women,Apparel,Bottomwear,Jeans,Blue,Summer,2012.0,Casual,Denizen Women Blue Jeans
26995,Women,Apparel,Bottomwear,Jeans,Blue,Summer,2012.0,Casual,Jealous 21 Women Washed Light Blue Jeans
37197,Women,Apparel,Bottomwear,Jeans,Navy Blue,Summer,2012.0,Casual,United Colors of Benetton Women Navy Blue Jeans
9187,Men,Apparel,Bottomwear,Jeans,Blue,Fall,2011.0,Casual,Spykar Men Style Essentials Spykar Basic Attire Series 0428 Blue Jeans
40352,Women,Apparel,Bottomwear,Jeans,Navy Blue,Summer,2012.0,Casual,Tokyo Talkies Women Navy Blue Slim Fit Jeans
16919,Men,Apparel,Bottomwear,Jeans,Blue,Fall,2011.0,Casual,Spykar Men Washed Blue Jeans
18487,Men,Apparel,Bottomwear,Jeans,Blue,Fall,2011.0,Casual,Puma Men Washed Blue Jeans
16510,Men,Apparel,Bottomwear,Jeans,Blue,Fall,2011.0,Casual,Locomotive Men Washed Blue Jeans
42258,Men,Apparel,Bottomwear,Jeans,Blue,Summer,2012.0,Casual,John Players Men Blue Jeans
44586,Men,Apparel,Bottomwear,Jeans,Blue,Summer,2017.0,Casual,Lee Men Tino Blue Jeans
51351,Women,Apparel,Bottomwear,Jeans,Blue,Summer,2012.0,Casual,Spykar Women Blue Jeans
27019,Women,Apparel,Bottomwear,Jeans,Blue,Summer,2012.0,Casual,Jealous 21 Women Washed Light Blue Jeans
48387,Men,Apparel,Bottomwear,Jeans,Blue,Summer,2012.0,Casual,French Connection Men Blue Jeans
7179,Women,Apparel,Bottomwear,Jeans,Blue,Fall,2011.0,Casual,Jealous 21 Women Blue Jegging
16517,Men,Apparel,Bottomwear,Jeans,Blue,Fall,2011.0,Casual,Locomotive Men Washed Blue Jeans
42260,Men,Apparel,Bottomwear,Jeans,Blue,Summer,2012.0,Casual,John Players Men Blue Jeans
14123,Men,Apparel,Bottomwear,Jeans,Blue,Fall,2011.0,Casual,Flying Machine Men Washed Blue Jeans
16921,Men,Apparel,Bottomwear,Jeans,Blue,Fall,2011.0,Casual,Spykar Men Washed Blue Jeans
11241,Women,Apparel,Bottomwear,Jeans,Grey,Fall,2011.0,Casual,Flying Machine Women Veron Grey Jeans
18488,Men,Apparel,Bottomwear,Jeans,Blue,Fall,2011.0,Casual,Puma Men Stetchable Blue Jeans
48383,Men,Apparel,Bottomwear,Jeans,Black,Summer,2012.0,Casual,French Connection Men Black Jeans
31164,Boys,Apparel,Bottomwear,Jeans,Blue,Summer,2012.0,Casual,Gini and Jony Boys Blue Jeans
20915,Men,Apparel,Bottomwear,Jeans,Blue,Fall,2011.0,Casual,Deni Yo Men Washed Blue Jeans
41355,Men,Apparel,Bottomwear,Jeans,,Fall,2016.0,Casual,Wrangler Men Blue Millard Jeans
40999,Girls,Apparel,Bottomwear,Jeans,Black,Summer,2012.0,Casual,Gini and Jony Girls Woven Black Jeans
15673,Men,Apparel,Bottomwear,Jeans,Blue,Fall,2011.0,Casual,Highlander Men High Original Blue Jeans
11320,Men,Apparel,Bottomwear,Jeans,Grey,Fall,2011.0,Casual,United Colors of Benetton Men Washed Grey Jeans
11323,Men,Apparel,Bottomwear,Jeans,Blue,Fall,2011.0,Casual,United Colors of Benetton Men Washed Blue Jeans
40933,Boys,Apparel,Bottomwear,Jeans,Blue,Summer,2012.0,Casual,Gini and Jony Boys Rodeo Blue Jeans
31672,Men,Apparel,Bottomwear,Jeans,Blue,Summer,2012.0,Casual,Spykar Men Blue Jeans
11335,Men,Apparel,Bottomwear,Jeans,Blue,Fall,2011.0,Casual,United Colors of Benetton Men Washed Blue Jeans
46895,Men,Apparel,Bottomwear,Jeans,Blue,Summer,2012.0,Casual,Locomotive Men Blue Jeans
11331,Men,Apparel,Bottomwear,Jeans,Blue,Fall,2011.0,Casual,United Colors of Benetton Men Washed Blue Jeans
41346,Men,Apparel,Bottomwear,Jeans,Navy Blue,Summer,2016.0,Casual,Wrangler Men Navy Blue Texas Jeans
44932,Men,Apparel,Bottomwear,Jeans,Blue,Summer,2012.0,Casual,Jack & Jones Men Blue Jeans
56828,Men,Apparel,Bottomwear,Jeans,Blue,Fall,2013.0,Casual,John Players Men Blue Slim Fit Jeans
51499,Women,Apparel,Bottomwear,Jeans,Blue,Summer,2012.0,Casual,Denizen Women Blue Jeans
48382,Men,Apparel,Bottomwear,Jeans,Blue,Summer,2012.0,Casual,French Connection Men Blue Jeans
16512,Men,Apparel,Bottomwear,Jeans,Blue,Fall,2011.0,Casual,Locomotive Men Washed Blue Jeans
11301,Women,Apparel,Bottomwear,Jeans,Blue,Fall,2011.0,Casual,Wrangler Women Blue Custom Jeans
46342,Men,Apparel,Bottomwear,Jeans,Blue,Summer,2012.0,Casual,Locomotive Men Blue Jeans
9141,Women,Apparel,Bottomwear,Jeans,Blue,Summer,2013.0,Casual,Lee Women Blue Cherrie Slim Fit Jeans
36742,Women,Apparel,Bottomwear,Jeans,Blue,Summer,2012.0,Casual,Spykar Women Aza Blue Jeans
10597,Men,Apparel,Bottomwear,Jeans,Blue,Fall,2011.0,Casual,Flying Machine Men Skinny Jack Blue Jeans
58562,Women,Apparel,Bottomwear,Jeans,Navy Blue,Fall,2012.0,Casual,Puma Women Navy Blue Jeans
30410,Men,Apparel,Bottomwear,Jeans,Blue,Summer,2012.0,Casual,Deni Yo Men Slim Fit Washed Blue Jeans
7186,Women,Apparel,Bottomwear,Jeans,Blue,Fall,2011.0,Casual,Jealous 21 Women Supper Skinny Zipped Blue Jeans
57075,Women,Apparel,Bottomwear,Jeans,Blue,Summer,2012.0,Casual,Elle Blue Jeans
18180,Boys,Apparel,Bottomwear,Jeans,Blue,Fall,2011.0,Casual,Doodle Boys-Boys Acid Wash Blue Jeans
9144,Women,Apparel,Bottomwear,Jeans,Blue,Summer,2013.0,Casual,Lee Women Scraped Blue Roxy Fit Jeans
11315,Women,Apparel,Bottomwear,Jeans,Blue,Fall,2011.0,Casual,United Colors of Benetton Women Washed Blue Jeans
24204,Men,Apparel,Bottomwear,Jeans,Blue,Summer,2012.0,Casual,Deni Yo Men Skinny Fit Blue Jeans
33280,Unisex,Apparel,Bottomwear,Jeans,Blue,Summer,2012.0,Casual,Gini and Jony Kids Unisex Blue Jeans
16522,Men,Apparel,Bottomwear,Jeans,Blue,Fall,2011.0,Casual,Locomotive Men Washed Blue Jeans
48388,Men,Apparel,Bottomwear,Jeans,Blue,Summer,2012.0,Casual,French Connection Men Blue Jeans
15676,Men,Apparel,Bottomwear,Jeans,Blue,Fall,2011.0,Casual,Highlander Men High Original Blue Jeans
56845,Men,Apparel,Bottomwear,Jeans,Blue,Fall,2012.0,Casual,John Players Men Blue Regular Fit Jeans
52548,Men,Apparel,Bottomwear,Jeans,Blue,Summer,2012.0,Casual,Pepe Jeans Men Blue Jeans
12758,Men,Apparel,Bottomwear,Jeans,Blue,Fall,2011.0,Casual,Spykar Men Washed Blue Jeans
32561,Women,Apparel,Bottomwear,Jeans,Peach,Summer,2012.0,Casual,ONLY Women Peach Jeans
16511,Men,Apparel,Bottomwear,Jeans,Blue,Fall,2011.0,Casual,Locomotive Men Washed Blue Jeans
7187,Women,Apparel,Bottomwear,Jeans,Black,Fall,2011.0,Casual,Jealous 21 Women Supper Zipped Ankle Black Jeans
22787,Men,Apparel,Bottomwear,Jeans,Blue,Fall,2011.0,Casual,Deni Yo Men Washed Blue Jeans
31111,Boys,Apparel,Bottomwear,Jeans,Black,Summer,2012.0,Casual,Gini and Jony Boys Solid Black Jeans
14128,Women,Apparel,Bottomwear,Jeans,Blue,Fall,2011.0,Casual,Flying Machine Women Washed Blue Jeans
40923,Boys,Apparel,Bottomwear,Jeans,Blue,Summer,2012.0,Casual,Gini and Jony Boys Jeans Blue Jeans
41348,Men,Apparel,Bottomwear,Jeans,Navy Blue,Summer,2016.0,Casual,Wrangler Men Navy Blue Skanders Jeans
38993,Boys,Apparel,Bottomwear,Jeans,Blue,Summer,2012.0,Casual,Gini and Jony Boys Rodeo Blue Jeans
11290,Men,Apparel,Bottomwear,Jeans,Blue,Summer,2016.0,Casual,Wrangler Men Blue Floyd Fit Jeans
27937,Women,Apparel,Bottomwear,Jeans,Blue,Summer,2012.0,Casual,Jealous 21 Women Blue Magic Colour Jeans
12751,Men,Apparel,Bottomwear,Jeans,Blue,Fall,2011.0,Casual,Spykar Men Ep Jeans Blue Jeans
4940,Men,Apparel,Bottomwear,Jeans,Blue,Summer,2011.0,Casual,Gini and Jony Boys Karnel Jeans
56852,Men,Apparel,Bottomwear,Jeans,Blue,Fall,2012.0,Casual,John Players Men Blue Jeans
31352,Men,Apparel,Bottomwear,Jeans,Navy Blue,Summer,2012.0,Casual,Locomotive Men Navy Blue Jeans
51356,Women,Apparel,Bottomwear,Jeans,Blue,Summer,2012.0,Casual,Spykar Women Blue Jeans
9901,Men,Apparel,Bottomwear,Jeans,Blue,Fall,2011.0,Casual,Spykar Men Actif Low Waist Narrow Fit Blue Jeans
11353,Men,Apparel,Bottomwear,Jeans,Blue,Fall,2013.0,Casual,Lee Men Sanskrit Blue Rodeo Fit Jeans
51476,Men,Apparel,Bottomwear,Jeans,Blue,Summer,2012.0,Casual,Denizen Men Blue Jeans
40160,Boys,Apparel,Bottomwear,Jeans,Navy Blue,Summer,2012.0,Casual,Gini and Jony Boys Raw Wash Navy Blue Jeans
11243,Women,Apparel,Bottomwear,Jeans,Blue,Fall,2011.0,Casual,Flying Machine Women Lowrise Blue Jeans
9168,Men,Apparel,Bottomwear,Jeans,Blue,Fall,2011.0,Casual,Locomotive Men Radley Blue Jeans
50951,Women,Apparel,Bottomwear,Jeans,Black,Winter,2011.0,Casual,Lee Women Black Jeans
41353,Women,Apparel,Bottomwear,Jeans,Black,Summer,2012.0,Casual,Wrangler Women Black Giselle Jeans
53287,Men,Apparel,Bottomwear,Jeans,Blue,Summer,2012.0,Casual,Locomotive Men Blue Jeans
11235,Women,Apparel,Bottomwear,Jeans,Blue,Fall,2011.0,Casual,Flying Machine Women Midrise Blue Jeans
11284,Men,Apparel,Bottomwear,Jeans,Blue,Fall,2011.0,Casual,Wrangler Men Blue Texas Jeans
15675,Men,Apparel,Bottomwear,Jeans,Blue,Fall,2011.0,Casual,Highlander Men High Original Blue Jeans
39381,Men,Apparel,Bottomwear,Jeans,Black,Summer,2012.0,Casual,Peter England Men Party Black Jeans
9195,Men,Apparel,Bottomwear,Jeans,Blue,Fall,2011.0,Casual,Spykar Men Style Essentials Kns 0542 Blue Jeans
40928,Boys,Apparel,Bottomwear,Jeans,Blue,Summer,2012.0,Casual,Gini and Jony Boys Rodeo Blue Jeans
11336,Men,Apparel,Bottomwear,Jeans,Blue,Fall,2011.0,Casual,United Colors of Benetton Men Washed Blue Jeans
46896,Men,Apparel,Bottomwear,Jeans,Blue,Summer,2012.0,Casual,Locomotive Men Blue Jeans
15562,Men,Apparel,Bottomwear,Jeans,Blue,Fall,2011.0,Casual,Spykar Men Washed Blue Jeans
32560,Women,Apparel,Bottomwear,Jeans,Blue,Summer,2012.0,Casual,ONLY Women Blue Jeans
56846,Men,Apparel,Bottomwear,Jeans,Blue,Fall,2012.0,Casual,John Players Men Blue Jeans
41962,Boys,Apparel,Bottomwear,Jeans,Navy Blue,Summer,2012.0,Casual,Gini and Jony Raw Wash Navy Blue Jeans
46894,Men,Apparel,Bottomwear,Jeans,Blue,Summer,2012.0,Casual,Locomotive Men Blue Jeans
51596,Women,Apparel,Bottomwear,Jeans,Black,Summer,2012.0,Casual,Wrangler Women Black Molly Jeans
11350,Men,Apparel,Bottomwear,Jeans,Blue,Spring,2013.0,Casual,Lee Men Msyria Blue Chicago Fit Jeans
15674,Men,Apparel,Bottomwear,Jeans,Blue,Fall,2011.0,Casual,Highlander Men High Original Blue Jeans
40924,Boys,Apparel,Bottomwear,Jeans,Blue,Summer,2012.0,Casual,Gini and Jony Boys Jeans Blue Jeans
13350,Women,Apparel,Bottomwear,Jeans,Blue,Fall,2011.0,Casual,Spykar Blue Washed Jeans
42263,Men,Apparel,Bottomwear,Jeans,Blue,Summer,2012.0,Casual,John Players Men Blue Jeans
41008,Girls,Apparel,Bottomwear,Jeans,Navy Blue,Summer,2012.0,Casual,Gini and Jony Girls Woven Navy Blue Jeans
7707,Women,Apparel,Bottomwear,Jeans,Black,Fall,2011.0,Casual,Jealous 21 Women's Abbie Black Jegging
51502,Women,Apparel,Bottomwear,Jeans,Blue,Summer,2012.0,Casual,Denizen Women Greenish Blue Jeans
11334,Men,Apparel,Bottomwear,Jeans,Navy Blue,Fall,2011.0,Casual,United Colors of Benetton Men Washed Navy Blue Jeans
11293,Men,Apparel,Bottomwear,Jeans,,Fall,2016.0,Casual,Wrangler Men Blue Texas Jeans
9902,Men,Apparel,Bottomwear,Jeans,Navy Blue,Fall,2011.0,Casual,Spykar Men Skinny Low Waist Tight Fit Blue Jeans
48066,Men,Apparel,Bottomwear,Jeans,Black,Summer,2012.0,Casual,French Connection Men Black Jeans
39384,Men,Apparel,Bottomwear,Jeans,Blue,Summer,2012.0,Casual,Peter England Men Blue Jeans
9170,Men,Apparel,Bottomwear,Jeans,Blue,Fall,2011.0,Casual,Locomotive Men Lain Blue Jeans
27016,Women,Apparel,Bottomwear,Jeans,Blue,Summer,2012.0,Casual,Jealous 21 Women Washed Blue Jeans
39386,Men,Apparel,Bottomwear,Jeans,Blue,Summer,2012.0,Casual,Peter England Men Party Blue Jeans
11332,Men,Apparel,Bottomwear,Jeans,Blue,Fall,2011.0,Casual,United Colors of Benetton Men Washed Blue Jeans
33147,Girls,Apparel,Bottomwear,Jeans,Blue,Summer,2012.0,Casual,Gini and Jony Girls Blue Jeans
28804,Men,Apparel,Bottomwear,Jeans,Blue,Summer,2012.0,Casual,Denizen Men Blue Jeans
27015,Women,Apparel,Bottomwear,Jeans,White,Summer,2012.0,Casual,Jealous 21 Women White Jeans
41357,Men,Apparel,Bottomwear,Jeans,,Fall,2016.0,Casual,Wrangler Men Blue Millard Jeans
37200,Men,Apparel,Bottomwear,Jeans,Blue,Summer,2012.0,Casual,United Colors of Benetton Men Washed Blue Jeans
50949,Women,Apparel,Bottomwear,Jeans,Navy Blue,Summer,2013.0,Casual,Lee Women Navy Blue Roxy Fit Jeans
13349,Women,Apparel,Bottomwear,Jeans,Blue,Fall,2011.0,Casual,Spykar Women Washed Blue Jeans
9173,Men,Apparel,Bottomwear,Jeans,Blue,Fall,2011.0,Casual,Locomotive Men Bao Blue Jeans
43249,Women,Apparel,Bottomwear,Jeans,Blue,Summer,2012.0,Casual,Denizen Women Blue Skinny Thunder Jeans
58560,Women,Apparel,Bottomwear,Jeans,Navy Blue,Fall,2012.0,Casual,Puma Women Navy Blue Jeans
46893,Men,Apparel,Bottomwear,Jeans,Blue,Summer,2012.0,Casual,Locomotive Men Blue Jeans
16506,Men,Apparel,Bottomwear,Jeans,Blue,Fall,2011.0,Casual,Locomotive Men Washed Blue Jeans
23453,Men,Apparel,Bottomwear,Jeans,Black,Fall,2011.0,Casual,Deni Yo Men Black Washed Slim Fit Jeans
27938,Women,Apparel,Bottomwear,Jeans,Blue,Summer,2012.0,Casual,Jealous 21 Women Blue Magic Colour Jeans
46903,Men,Apparel,Bottomwear,Jeans,Blue,Summer,2012.0,Casual,Peter England Men Blue Jeans
44930,Men,Apparel,Bottomwear,Jeans,Blue,Summer,2012.0,Casual,Jack & Jones Men Blue Jeans
48499,Women,Apparel,Bottomwear,Jeans,Grey,Winter,2011.0,Casual,French Connection Women Black Jeans
10488,Men,Apparel,Bottomwear,Jeans,Blue,Fall,2011.0,Casual,Flying Machine Blue Jeans
27025,Women,Apparel,Bottomwear,Jeans,Pink,Summer,2012.0,Casual,Jealous 21 Women Pink Jeans
46909,Men,Apparel,Bottomwear,Jeans,Blue,Summer,2012.0,Casual,Peter England Men Blue Jeans
14125,Men,Apparel,Bottomwear,Jeans,Blue,Fall,2011.0,Casual,Flying Machine Men Washed Blue Jeans
41359,Men,Apparel,Bottomwear,Jeans,Blue,Summer,2016.0,Casual,Wrangler Men Blue Skanders Jeans
27936,Women,Apparel,Bottomwear,Jeans,Grey,Summer,2012.0,Casual,Jealous 21 Women Grey Magic Colour Jeans
9900,Men,Apparel,Bottomwear,Jeans,Blue,Fall,2011.0,Casual,Spykar Men Actif Fit Low Waist Blue Jeans
51498,Women,Apparel,Bottomwear,Jeans,Blue,Summer,2012.0,Casual,Denizen Women Blue Jeans
11342,Men,Apparel,Bottomwear,Jeans,Black,Spring,2013.0,Casual,Lee Men Black Chicago Fit Jeans
31110,Boys,Apparel,Bottomwear,Jeans,Grey,Summer,2012.0,Casual,Gini and Jony Boys Washed Grey Jeans
12044,Men,Apparel,Bottomwear,Jeans,Blue,Fall,2011.0,Casual,Spykar Men Washed Blue Jeans
50942,Women,Apparel,Bottomwear,Jeans,Blue,Summer,2013.0,Casual,Lee Women Blue Jeans
11233,Women,Apparel,Bottomwear,Jeans,Black,Fall,2011.0,Casual,Flying Machine Women Low Rise Black Jeans
11307,Women,Apparel,Bottomwear,Jeans,Blue,Fall,2011.0,Casual,Wrangler Women Blue Michelle Jeans
10445,Men,Apparel,Bottomwear,Jeans,Blue,Fall,2011.0,Casual,Flying Machine Men Midrise Blue Jeans
18193,Men,Apparel,Bottomwear,Jeans,Blue,Fall,2011.0,Casual,Deni Yo Men Washed Blue Slim Fit Jeans
9147,Women,Apparel,Bottomwear,Jeans,Blue,Fall,2011.0,Casual,Lee Women SS Blue Jeans
23665,Men,Apparel,Bottomwear,Jeans,Blue,Fall,2011.0,Casual,Spykar Men Blue Washed Jeans
57070,Women,Apparel,Bottomwear,Jeans,Blue,Summer,2012.0,Casual,Elle Women Blue Jeans
48399,Men,Apparel,Bottomwear,Jeans,Blue,Summer,2012.0,Casual,French Connection Men Blue Jeans
27000,Women,Apparel,Bottomwear,Jeans,Blue,Summer,2012.0,Casual,Jealous 21 Women Washed Blue Jeans
38996,Boys,Apparel,Bottomwear,Jeans,Blue,Summer,2012.0,Casual,Gini and Jony Boys Rodeo Blue Jeans
11318,Women,Apparel,Bottomwear,Jeans,Black,Fall,2011.0,Casual,United Colors of Benetton Women Solid Black Jeans
51506,Women,Apparel,Bottomwear,Jeans,Blue,Summer,2012.0,Casual,Denizen Women Blue Jeans
50946,Women,Apparel,Bottomwear,Jeans,Blue,Winter,2011.0,Casual,Lee Womens Blue Roxy Fit Jeans
50963,Women,Apparel,Bottomwear,Jeans,Blue,Summer,2013.0,Casual,Lee Womens Blue Jeggings
33308,Boys,Apparel,Bottomwear,Jeans,Black,Summer,2012.0,Casual,Gini and Jony Boys Solid Black Jeans
48500,Women,Apparel,Bottomwear,Jeans,Blue,Winter,2011.0,Casual,French Connection Women Blue Jeans
24194,Men,Apparel,Bottomwear,Jeans,Black,Summer,2012.0,Casual,Deni Yo Men Slim Fit Black Jeans
4939,Men,Apparel,Bottomwear,Jeans,Blue,Summer,2011.0,Casual,Gini and Jony Boy's Karnel Jeans Kidswear
42262,Men,Apparel,Bottomwear,Jeans,Blue,Summer,2012.0,Casual,John Players Men Blue Jeans
51505,Women,Apparel,Bottomwear,Jeans,Blue,Summer,2012.0,Casual,Denizen Women Blue Jeans
13351,Women,Apparel,Bottomwear,Jeans,Black,Fall,2011.0,Casual,Spykar Women Washed Black Jeans
23455,Men,Apparel,Bottomwear,Jeans,Blue,Summer,2012.0,Casual,Deni Yo Men Blue Washed Slim Fit Jeans
9162,Men,Apparel,Bottomwear,Jeans,Blue,Fall,2011.0,Casual,Locomotive Men Callum Blue Jeans
51364,Women,Apparel,Bottomwear,Jeans,Blue,Summer,2012.0,Casual,Spykar Women Blue Jeans
30412,Men,Apparel,Bottomwear,Jeans,Blue,Summer,2012.0,Casual,Deni Yo Men Slim Fit Washed Blue Jeans
21583,Men,Apparel,Bottomwear,Jeans,Black,Summer,2011.0,Casual,Locomotive Men Washed Black Jeans
28811,Men,Apparel,Bottomwear,Jeans,Blue,Summer,2012.0,Casual,Denizen Men Blue Jeans
40364,Women,Apparel,Bottomwear,Jeans,Navy Blue,Summer,2012.0,Casual,Tokyo Talkies Women Navy Jeans
12754,Women,Apparel,Bottomwear,Jeans,Blue,Fall,2011.0,Casual,Spykar Women Ep Jeans Blue Jeans
52557,Women,Apparel,Bottomwear,Jeans,Blue,Summer,2012.0,Casual,Pepe Jeans Women Blue Jeans
11304,Women,Apparel,Bottomwear,Jeans,Blue,Fall,2011.0,Casual,Wrangler Women Blue Custom Jeans
30411,Men,Apparel,Bottomwear,Jeans,Blue,Summer,2012.0,Casual,Deni Yo Men Slim Fit Washed Blue Jeans
27379,Men,Apparel,Bottomwear,Jeans,Blue,Summer,2012.0,Casual,Spykar Men Washed Blue Jeans
27006,Women,Apparel,Bottomwear,Jeans,Navy Blue,Summer,2012.0,Casual,Jealous 21 Women Washed Navy Blue Jeggings
9174,Men,Apparel,Bottomwear,Jeans,Blue,Fall,2011.0,Casual,Locomotive Men Balin Blue Jeans
11280,Men,Apparel,Bottomwear,Jeans,Black,Fall,2011.0,Casual,Wrangler Men Black Texas Jeans
57072,Women,Apparel,Bottomwear,Jeans,Blue,Summer,2012.0,Casual,Elle Women Blue Jeans
46914,Men,Apparel,Bottomwear,Jeans,Blue,Summer,2012.0,Casual,Peter England Men Blue Jeans
7709,Women,Apparel,Bottomwear,Jeans,Black,Fall,2011.0,Casual,Jealous 21 Women's Aaren Black Jegging
30442,Men,Apparel,Bottomwear,Jeans,Blue,Summer,2012.0,Casual,Deni Yo Men Blue Slim Fit Jeans
13246,Men,Apparel,Bottomwear,Jeans,Blue,Fall,2011.0,Casual,Palm Tree Kids Boy Washed Blue Jeans
38501,Girls,Apparel,Bottomwear,Jeans,Navy Blue,Summer,2012.0,Casual,Gini and Jony Woven Navy Blue Jeans
37205,Men,Apparel,Bottomwear,Jeans,Blue,Summer,2012.0,Casual,United Colors of Benetton Men Washed Blue Jeans
39387,Men,Apparel,Bottomwear,Jeans,Blue,Summer,2012.0,Casual,Peter England Men Blue Jeans
11354,Men,Apparel,Bottomwear,Jeans,Blue,Spring,2013.0,Casual,Lee Men Mickey Blue Powell Fit Jeans
39382,Men,Apparel,Bottomwear,Jeans,Blue,Summer,2012.0,Casual,Peter England Men Blue Jeans
10489,Men,Apparel,Bottomwear,Jeans,Blue,Winter,2016.0,Casual,Flying Machine Men Midrise Blue Jeans
9903,Men,Apparel,Bottomwear,Jeans,Blue,Fall,2011.0,Casual,Spykar Men Ep Skinny Low Waist Fit Blue Jeans
5771,Women,Apparel,Bottomwear,Jeans,Black,Summer,2011.0,Casual,Jealous 21 Women's Black Grey Jegging
10438,Men,Apparel,Bottomwear,Jeans,Blue,Fall,2011.0,Casual,Flying Machine Men Midrise Blue Jeans
37209,Girls,Apparel,Bottomwear,Jeans,Blue,Summer,2012.0,Casual,United Colors of Benetton Girls Blue Jeans
27018,Women,Apparel,Bottomwear,Jeans,Blue,Summer,2012.0,Casual,Jealous 21 Women Washed Blue Jeans
51584,Women,Apparel,Bottomwear,Jeans,Blue,Summer,2012.0,Casual,Wrangler Women Blue Molly Jeans
20353,Women,Apparel,Bottomwear,Jeans,Blue,Fall,2011.0,Casual,Spykar Women Washed Blue Jeans
12338,Women,Apparel,Bottomwear,Jeans,Blue,Fall,2011.0,Casual,Spykar Women Ep Jeans Blue Jeans
18486,Women,Apparel,Bottomwear,Jeans,Blue,Fall,2011.0,Casual,Puma Women Washed Blue Jeans
44924,Men,Apparel,Bottomwear,Jeans,Blue,Summer,2012.0,Casual,Jack & Jones Men Blue Jeans
54800,Men,Apparel,Bottomwear,Jeans,Blue,Summer,2012.0,Casual,Peter England Men Blue Jeans
24199,Men,Apparel,Bottomwear,Jeans,Blue,Summer,2012.0,Casual,Deni Yo Men Slim Fit Blue Jeans
44585,Men,Apparel,Bottomwear,Jeans,Black,Summer,2017.0,Casual,Lee Men Black Skinny Fit Jeans
27022,Women,Apparel,Bottomwear,Jeans,Blue,Summer,2012.0,Casual,Jealous 21 Women Washed Blue Jeans
50956,Women,Apparel,Bottomwear,Jeans,Black,Summer,2013.0,Casual,Lee Women Black Jeans
41961,Boys,Apparel,Bottomwear,Jeans,Navy Blue,Summer,2012.0,Casual,Gini and Jony Boys Raw Wash Navy Blue Jeans
15670,Men,Apparel,Bottomwear,Jeans,Blue,Fall,2011.0,Casual,Locomotive Men Loco Denims Blue Jeans
51354,Women,Apparel,Bottomwear,Jeans,Blue,Summer,2012.0,Casual,Spykar Women Light Blue Jeans
11292,Men,Apparel,Bottomwear,Jeans,Blue,Summer,2016.0,Casual,Wrangler Men Blue Millard Jeans
42256,Men,Apparel,Bottomwear,Jeans,Blue,Summer,2012.0,Casual,John Players Men Blue Jeans
6874,Women,Apparel,Dress,Dresses,Pink,Summer,2011.0,Casual,Forever New Women Pink Sleeveless Dress
31128,Girls,Apparel,Dress,Dresses,Blue,Summer,2012.0,Casual,Gini and Jony Girls Printed Teal Dress
31126,Girls,Apparel,Dress,Dresses,White,Summer,2012.0,Casual,Gini and Jony Girls White Dress
31130,Girls,Apparel,Dress,Dresses,Pink,Summer,2012.0,Casual,Gini and Jony Girls Printed Pink Dress
4984,Women,Apparel,Dress,Dresses,White,Summer,2011.0,Casual,Palm Tree Girls Beyonce White & Blue Dress
25907,Women,Apparel,Dress,Dresses,Purple,Summer,2012.0,Casual,Femella Women Purple Dress
41302,Girls,Apparel,Dress,Dresses,Pink,Summer,2012.0,Casual,Gini and Jony Girls Blue Saloppette
46216,Women,Apparel,Dress,Dresses,Pink,Summer,2012.0,Casual,AND Women Pink Dress
52131,Girls,Apparel,Dress,Dresses,Blue,Summer,2012.0,Casual,Doodle Girls Blue Printed Dress
43510,Women,Apparel,Dress,Dresses,Maroon,Fall,2012.0,Casual,French Connection Women Maroon Knitted Dress
26974,Women,Apparel,Dress,Dresses,Pink,Summer,2012.0,Casual,Jealous 21 Women Pink Printed Dress
18736,Women,Apparel,Dress,Dresses,Red,Fall,2011.0,Casual,Arrow Woman Rima Red Dress
32581,Women,Apparel,Dress,Dresses,Pink,Summer,2012.0,Casual,ONLY Women Pink Dotted Print Dress
59991,Women,Apparel,Dress,Dresses,Multi,Fall,2012.0,Casual,Avirate Multicoloured Dress
16567,Women,Apparel,Dress,Dresses,Red,Fall,2011.0,Casual,AND by Anita Dongre Women Printed Red Dresses
27196,Girls,Apparel,Dress,Dresses,Yellow,Summer,2012.0,Casual,Doodle Girls Yellow Dress
10016,Women,Apparel,Dress,Dresses,Pink,Summer,2011.0,Casual,Palm Tree Girl's Cr Blossom Drs Pink Dresses
44688,Women,Apparel,Dress,Dresses,Off White,Summer,2012.0,Casual,Wills Lifestyle Women Off White Dress
54974,Women,Apparel,Dress,Dresses,Black,Fall,2012.0,Casual,Femella Women Black Dress
39716,Women,Apparel,Dress,Dresses,Blue,Summer,2012.0,Casual,Arrow Woman Women Blue Dress
48467,Women,Apparel,Dress,Dresses,Red,Summer,2012.0,Casual,French Connection Women Red Dress
48473,Women,Apparel,Dress,Dresses,Blue,Winter,2011.0,Casual,French Connection Women Blue Dress
25966,Women,Apparel,Dress,Dresses,Brown,Summer,2012.0,Casual,Femella Women Brown Dress
57035,Women,Apparel,Dress,Dresses,Multi,Summer,2012.0,Casual,Forever New Women Multi Coloured Dress
33969,Women,Apparel,Dress,Dresses,Black,Spring,2012.0,Party,Femella Women Black Dress
38839,Women,Apparel,Dress,Dresses,Olive,Summer,2012.0,Casual,Latin Quarters Women Black Printed Dress
52162,Women,Apparel,Dress,Dresses,Black,Summer,2012.0,Casual,Femella Women Black Striped Tank Dress
59981,Women,Apparel,Dress,Dresses,Black,Fall,2012.0,Party,Avirate  Black & Purple Women Dress
32576,Women,Apparel,Dress,Dresses,Orange,Summer,2012.0,Casual,ONLY Women Orange Party Dress
58494,Women,Apparel,Dress,Dresses,Purple,Fall,2012.0,Casual,Tonga Women Purple Dress
59980,Women,Apparel,Dress,Dresses,Black,Fall,2012.0,Casual,Avirate Black & Cream Dress
49631,Women,Apparel,Dress,Dresses,Cream,Summer,2012.0,Casual,Mineral Cream Dress
38843,Women,Apparel,Dress,Dresses,Navy Blue,Summer,2012.0,Casual,Latin Quarters Women Zip Piping Navy Blue Dress
43919,Women,Apparel,Dress,Dresses,Navy Blue,Summer,2012.0,Casual,Femella Women Navy Blue Printed Dress
48470,Women,Apparel,Dress,Dresses,Teal,Summer,2012.0,Casual,French Connection Teal Dress
58505,Women,Apparel,Dress,Dresses,Off White,Fall,2012.0,Casual,Tonga Women Printed Brown Dress
38832,Women,Apparel,Dress,Dresses,White,Summer,2012.0,Casual,Latin Quarters Women White & Pink Printed Dress
43586,Girls,Apparel,Dress,Dresses,Blue,Summer,2012.0,Casual,Gini and Jony Girls Blue Saloppette
4933,Women,Apparel,Dress,Dresses,Peach,Summer,2011.0,Casual,Gini and Jony Girl's Valerie Peach White Kidswear
26928,Women,Apparel,Dress,Dresses,Black,Summer,2012.0,Casual,Jealous 21 Women Black Dress
10360,Women,Apparel,Dress,Dresses,Black,Fall,2011.0,Casual,United Colors of Benetton Women Black Dress
38998,Girls,Apparel,Dress,Dresses,Pink,Summer,2012.0,Casual,Gini and Jony Girls Summer Paradise Pink Dress
48084,Women,Apparel,Dress,Dresses,Red,Summer,2012.0,Casual,French Connection Women Red Dress
52128,Girls,Apparel,Dress,Dresses,Blue,Summer,2012.0,Casual,Doodle Girls Blue Washed Dress
57041,Women,Apparel,Dress,Dresses,Black,Summer,2012.0,Party,Elle Black Sheath Dress
58493,Women,Apparel,Dress,Dresses,Grey,Fall,2012.0,Casual,Tonga Women Grey Dress
40412,Women,Apparel,Dress,Dresses,Pink,Summer,2012.0,Casual,Tonga Women Plum Dress
47650,Women,Apparel,Dress,Dresses,Black,Summer,2012.0,Casual,Femella Women Black Lace Dress
47676,Women,Apparel,Dress,Dresses,Black,Summer,2012.0,Casual,Femella Women Black Animal Print Dress
18167,Girls,Apparel,Dress,Dresses,Magenta,Fall,2011.0,Casual,Doodle Kids Girls Party Frock Purple Dress
47656,Women,Apparel,Dress,Dresses,Black,Summer,2012.0,Casual,Femella Women Black Printed Dress
18168,Girls,Apparel,Dress,Dresses,Pink,Fall,2011.0,Casual,Doodle Kids Girls Party Frock Pink Dress
43646,Women,Apparel,Dress,Dresses,Blue,Summer,2012.0,Casual,ONLY Women Blue Dress
4936,Women,Apparel,Dress,Dresses,Black,Summer,2011.0,Casual,Gini and Jony Girl's Veata White Black Pink Infants Kidswear
58503,Women,Apparel,Dress,Dresses,White,Summer,2012.0,Casual,Tonga Women Purple Dress
34578,Women,Apparel,Dress,Dresses,Red,Summer,2012.0,Casual,Tonga Women Printed Red Dress
18169,Girls,Apparel,Dress,Dresses,Pink,Fall,2011.0,Casual,Doodle Kids Girls Party Frock Pink Dress
58439,Women,Apparel,Dress,Dresses,Black,Summer,2012.0,Casual,AND by Anita Dongre Women Black Dress
46277,Women,Apparel,Dress,Dresses,Red,Summer,2012.0,Casual,109F Red & White A-Line Dress
39217,Women,Apparel,Dress,Dresses,Red,Summer,2012.0,Casual,Femella Women Floral Red Dress
57047,Women,Apparel,Dress,Dresses,Black,Summer,2012.0,Casual,Elle Women Black Dress
6868,Women,Apparel,Dress,Dresses,Black,Summer,2011.0,Casual,Forever New Women's Waterfall Sleeve Shift Black Dress
18754,Women,Apparel,Dress,Dresses,Pink,Fall,2011.0,Casual,Arrow Woman Kaya Pink Dress
43509,Women,Apparel,Dress,Dresses,Grey Melange,Summer,2012.0,Casual,French Connection Women Grey Melange Dress
59965,Women,Apparel,Dress,Dresses,Black,Fall,2012.0,Casual,Avirate Black Dress
48525,Women,Apparel,Dress,Dresses,White,Summer,2012.0,Casual,French Connection Women White & Blue  Striped Dress
48486,Women,Apparel,Dress,Dresses,Green,Winter,2011.0,Casual,French Connection Women Green Dress
43634,Women,Apparel,Dress,Dresses,Beige,Summer,2012.0,Casual,Vero Moda Women Beige Dress
18897,Women,Apparel,Dress,Dresses,Green,Fall,2011.0,Casual,Arrow Woman Solid Green Dress
59978,Women,Apparel,Dress,Dresses,Brown,Fall,2012.0,Casual,Avirate Brown & Grey Check Dress
41141,Women,Apparel,Dress,Dresses,Blue,Fall,2012.0,Casual,Allen Solly Woman Blue Dress
57994,Women,Apparel,Dress,Dresses,Brown,Fall,2012.0,Casual,Latin Quarters Women Brown Printed Dress
38835,Women,Apparel,Dress,Dresses,Grey,Summer,2012.0,Casual,Latin Quarters Women Grey & Olive Printed Dress
59985,Women,Apparel,Dress,Dresses,Green,Fall,2012.0,Casual,Avirate Women Green Dress
33970,Women,Apparel,Dress,Dresses,Navy Blue,Summer,2012.0,Casual,Femella Women Navy Blue Dress
48466,Women,Apparel,Dress,Dresses,Black,Winter,2011.0,Party,French Connection Women Black Dress
38844,Women,Apparel,Dress,Dresses,Black,Summer,2012.0,Casual,Latin Quarters Women Black & White Printed Dress
38997,Girls,Apparel,Dress,Dresses,Blue,Summer,2012.0,Casual,Gini and Jony Girls Digital Blue Dress
27223,Women,Apparel,Dress,Dresses,Blue,Summer,2012.0,Casual,Doodle Kids Girl Printed Blue Dress
57986,Women,Apparel,Dress,Dresses,Grey,Fall,2012.0,Casual,Latin Quarters Women Grey Dress
32577,Women,Apparel,Dress,Dresses,Grey,Summer,2012.0,Casual,ONLY Women Toronto Grey Printed Dress
48475,Women,Apparel,Dress,Dresses,Black,Winter,2011.0,Casual,French Connection Women Black Printed Dress
38830,Women,Apparel,Dress,Dresses,Navy Blue,Summer,2012.0,Casual,Latin Quarters Women Navy Blue Printed Dress
23051,Women,Apparel,Dress,Dresses,Navy Blue,Fall,2011.0,Casual,Arrow Woman Navy Blue Printed Dress
38828,Women,Apparel,Dress,Dresses,Teal,Summer,2012.0,Casual,Latin Quarters Women Teal Dress
52124,Girls,Apparel,Dress,Dresses,Orange,Summer,2012.0,Casual,Doodle Girls Orange Printed Dress
29167,Girls,Apparel,Dress,Dresses,Red,Summer,2012.0,Casual,United Colors of Benetton Girls Red Polka Dot Dress
4983,Women,Apparel,Dress,Dresses,White,Summer,2011.0,Casual,Palm Tree Girl's Blenda White Pink Kidswear
48476,Women,Apparel,Dress,Dresses,Blue,Winter,2011.0,Casual,French Connection Women Blue Dress
27224,Women,Apparel,Dress,Dresses,White,Summer,2012.0,Casual,Doodle Kids Girl Printed White Dress
50698,Women,Apparel,Dress,Dresses,Purple,Summer,2012.0,Casual,Latin Quarters Women Purple Dress
34064,Girls,Apparel,Dress,Dresses,Blue,Summer,2012.0,Casual,Gini and Jony Girls Printed Teal Dress
47655,Women,Apparel,Dress,Dresses,Grey,Summer,2012.0,Casual,Femella Women Grey Polka Dotted Dress
39227,Women,Apparel,Dress,Dresses,Purple,Summer,2012.0,Casual,Femella Women Purple Tiered Dress
12837,Women,Apparel,Dress,Dresses,Pink,Fall,2011.0,Casual,Ant Kids Button Bow Pink Dresses
48468,Women,Apparel,Dress,Dresses,Mauve,Summer,2012.0,Casual,French Connection Mauve Dress
34588,Women,Apparel,Dress,Dresses,Cream,Summer,2012.0,Casual,Tonga Women Cream Dress
2697,Girls,Apparel,Dress,Dresses,Blue,Summer,2011.0,Casual,Disney Kids Girl's Blue Pooh Kidswear
33997,Women,Apparel,Dress,Dresses,Purple,Summer,2012.0,Casual,Femella Women Purple & Black Dress
38836,Women,Apparel,Dress,Dresses,Blue,Summer,2012.0,Casual,Latin Quarters Women Blue Dress
38838,Women,Apparel,Dress,Dresses,Pink,Fall,2012.0,Casual,Latin Quarters Women Pink & Black Printed Dress
59986,Women,Apparel,Dress,Dresses,Black,Fall,2012.0,Smart Casual,Avirate Women Black Dress
44687,Women,Apparel,Dress,Dresses,Peach,Summer,2012.0,Casual,Wills Lifestyle Women Peach A-Line Dress
43677,Women,Apparel,Dress,Dresses,Navy Blue,Summer,2012.0,Casual,French Connection Navy Blue Dress
43508,Women,Apparel,Dress,Dresses,White,Summer,2012.0,Casual,French Connection Women Navy Blue Striped Dress
37198,Women,Apparel,Dress,Dresses,Red,Summer,2012.0,Casual,United Colors of Benetton Women Check Red Dress
57040,Women,Apparel,Dress,Dresses,Black,Summer,2012.0,Casual,Elle Women Black Dress
42209,Women,Apparel,Dress,Dresses,Purple,Summer,2012.0,Casual,Sepia Women Purple Dress
32582,Women,Apparel,Dress,Dresses,Yellow,Summer,2012.0,Casual,ONLY Women Yellow Dotted Print Dress
27226,Women,Apparel,Dress,Dresses,Pink,Summer,2012.0,Casual,Doodle Kids Girl Printed Pink Dress
59973,Women,Apparel,Dress,Dresses,Navy Blue,Fall,2012.0,Casual,Avirate Women Navy Blue Dress
43632,Women,Apparel,Dress,Dresses,Black,Summer,2012.0,Casual,Vero Moda Women Black Dress
29166,Girls,Apparel,Dress,Dresses,Navy Blue,Summer,2012.0,Casual,United Colors of Benetton Girls Polka Dot Navy Blue Dress
48480,Women,Apparel,Dress,Dresses,Black,Winter,2011.0,Party,French Connection Women Black Dress
34591,Women,Apparel,Dress,Dresses,Multi,Summer,2012.0,Casual,Tonga Women Printed Multi Dress
31124,Girls,Apparel,Dress,Dresses,Magenta,Summer,2012.0,Casual,Gini and Jony Girls Pink Dress
48478,Women,Apparel,Dress,Dresses,Beige,Winter,2011.0,Casual,French Connection Women Beige Dress
41784,Women,Apparel,Dress,Dresses,Purple,Summer,2012.0,Casual,Remanika Women Purple Dress
29158,Women,Apparel,Dress,Dresses,Green,Summer,2012.0,Casual,United Colors of Benetton Women Green Dress
46271,Women,Apparel,Dress,Dresses,Blue,Summer,2012.0,Casual,109F Blue A-Line Dress
12830,Women,Apparel,Dress,Dresses,Green,Fall,2011.0,Casual,Ant Kids Peaceful Day Green Dresses
38837,Women,Apparel,Dress,Dresses,Pink,Fall,2012.0,Casual,Latin Quarters Women Pink Printed Dress
34599,Women,Apparel,Dress,Dresses,Black,Summer,2012.0,Casual,Tonga Women Printed Black Dress
47675,Women,Apparel,Dress,Dresses,Black,Summer,2012.0,Casual,Femella Women Black Animal Printed Dress
48483,Women,Apparel,Dress,Dresses,Blue,Winter,2011.0,Casual,French Connection Women Blue Dress
59970,Women,Apparel,Dress,Dresses,Black,Fall,2012.0,Casual,Avirate Mushroom Brown Dress
57995,Women,Apparel,Dress,Dresses,Black,Fall,2012.0,Casual,Latin Quarters Women & White Black Dress
41798,Women,Apparel,Dress,Dresses,Pink,Summer,2012.0,Casual,Remanika Women Printed Pink Dress
38842,Women,Apparel,Dress,Dresses,Purple,Fall,2012.0,Casual,Latin Quarters Women Purple Dress
58001,Women,Apparel,Dress,Dresses,Black,Fall,2012.0,Casual,Latin Quarters Women Black Printed Dress
10406,Women,Apparel,Dress,Dresses,Grey,Fall,2011.0,Casual,United Colors of Benetton Women Solid Grey Dresses
48086,Women,Apparel,Dress,Dresses,Navy Blue,Summer,2012.0,Casual,French Connection Navy Blue Dress
12849,Girls,Apparel,Dress,Dresses,White,Fall,2011.0,Casual,Ant Kids Girls Butterfly Print White Dresses
43678,Women,Apparel,Dress,Dresses,White,Summer,2012.0,Casual,French Connection Women White Dress
41786,Women,Apparel,Dress,Dresses,Black,Summer,2012.0,Casual,Remanika Women Black Dress
57046,Women,Apparel,Dress,Dresses,Black,Summer,2012.0,Casual,Elle Women Black Sheath Dress
26934,Women,Apparel,Dress,Dresses,Black,Summer,2012.0,Casual,Jealous 21 Women Black Dress
58489,Women,Apparel,Dress,Dresses,Beige,Summer,2012.0,Casual,Tonga Women Beige Dress
32378,Women,Apparel,Dress,Dresses,Cream,Summer,2012.0,Casual,Arrow Woman Printed Multi Coloured Dress
43302,Women,Apparel,Dress,Dresses,Purple,Summer,2012.0,Casual,United Colors of Benetton Women Purple Dress
36750,Girls,Apparel,Dress,Dresses,Navy Blue,Summer,2012.0,Casual,Little Miss Girls Chatterbox Navy Blue Dress
57052,Women,Apparel,Dress,Dresses,Blue,Summer,2012.0,Casual,Elle Women Blue Dress
57043,Women,Apparel,Dress,Dresses,Black,Summer,2012.0,Casual,Elle Black Dress
26355,Women,Apparel,Dress,Dresses,Purple,Summer,2012.0,Casual,Arrow Woman Printed Purple Dress
43511,Women,Apparel,Dress,Dresses,Navy Blue,Summer,2012.0,Formal,French Connection Women Navy Blue Dress
57057,Women,Apparel,Dress,Dresses,Red,Summer,2012.0,Casual,Elle Women Red A-Line Dress
57050,Women,Apparel,Dress,Dresses,White,Summer,2012.0,Casual,Elle Color Clash Purple Dress
34167,Girls,Apparel,Dress,Dresses,White,Summer,2012.0,Casual,Gini and Jony Girls White Dress
34598,Women,Apparel,Dress,Dresses,Black,Summer,2012.0,Casual,Tonga Women Printed Black Dress
43672,Women,Apparel,Dress,Dresses,Peach,Summer,2012.0,Casual,ONLY Women Peach Dress
58425,Women,Apparel,Dress,Dresses,Grey,Summer,2012.0,Casual,AND by Anita Dongre Women Grey Dress
2711,Girls,Apparel,Dress,Dresses,Pink,Summer,2011.0,Casual,Disney Kids Girl's Halter Neck Pink Kidswear
14197,Women,Apparel,Dress,Dresses,Black,Fall,2011.0,Casual,AND Women Solid Black Dresses
4934,Women,Apparel,Dress,Dresses,Peach,Summer,2011.0,Casual,Gini and Jony Girl's Valerie Peach White Infant Kidswear
46281,Women,Apparel,Dress,Dresses,Black,Summer,2012.0,Casual,109F Women Black & Cream Dress
5566,Women,Apparel,Dress,Dresses,Maroon,Summer,2011.0,Casual,Ant Kids Girl's Maroon With Flower Kidswear
8483,Women,Apparel,Dress,Dresses,Blue,Fall,2011.0,Casual,Forever New Women Creme de Menthe Blue Dresses
2710,Girls,Apparel,Dress,Dresses,White,Summer,2011.0,Casual,Disney Kids Girl's White Daisy Kidswear
33226,Women,Apparel,Dress,Dresses,Navy Blue,Summer,2012.0,Casual,Sepia Women Navy Blue Dress
48085,Women,Apparel,Dress,Dresses,Purple,Summer,2012.0,Casual,French Connection Women Purple Dress
50720,Girls,Apparel,Dress,Dresses,Orange,Summer,2012.0,Casual,Doodle Girls Orange Printed Dress
58492,Women,Apparel,Dress,Dresses,Olive,Fall,2012.0,Casual,Tonga Women Olive Dress
43514,Women,Apparel,Dress,Dresses,Black,Summer,2012.0,Casual,French Connection Women Black Dress
41996,Girls,Apparel,Dress,Dresses,Black,Summer,2012.0,Casual,Gini and Jony Girls Roseatte Black Dress
34113,Girls,Apparel,Dress,Dresses,Pink,Summer,2012.0,Casual,Doodle Girls Printed Pink Dress
57056,Women,Apparel,Dress,Dresses,Cream,Summer,2012.0,Casual,Elle Women White Shift Dress
31167,Girls,Apparel,Dress,Dresses,Blue,Summer,2012.0,Casual,Gini and Jony Girls Blue Dress
35989,Women,Apparel,Dress,Dresses,Black,Summer,2012.0,Casual,Flying Machine Women Cotton Black Dress
57042,Women,Apparel,Dress,Dresses,Black,Summer,2012.0,Casual,Elle Black Dress
41774,Women,Apparel,Dress,Dresses,Navy Blue,Summer,2012.0,Casual,Remanika Women Navy Blue Dress
59966,Women,Apparel,Dress,Dresses,Black,Fall,2012.0,Party,Avirate Black Polka Dot Dress
51448,Women,Apparel,Dress,Dresses,Gold,Summer,2012.0,Casual,Tonga Women Gold Dress
58501,Women,Apparel,Dress,Dresses,Beige,Fall,2012.0,Casual,Tonga Brown Animal Print Dress
33199,Women,Apparel,Dress,Dresses,Red,Summer,2012.0,Casual,Sepia Women Printed Red Dress
2704,Girls,Apparel,Dress,Dresses,White,Summer,2011.0,Casual,Disney Kids Girl's White Pooh Kidswear
44944,Women,Apparel,Dress,Dresses,Navy Blue,Fall,2012.0,Casual,United Colors of Benetton Women Navy Blue Dress
49647,Women,Apparel,Dress,Dresses,Blue,Summer,2012.0,Casual,Mineral Blue & Green Printed Dress
43653,Women,Apparel,Dress,Dresses,Peach,Summer,2012.0,Casual,ONLY Women Peach Dress
43680,Women,Apparel,Dress,Dresses,Red,Summer,2012.0,Casual,French Connection Women Printed Red Dress
23621,Girls,Apparel,Dress,Dresses,Navy Blue,Fall,2011.0,Casual,Doodle Kids Girls Navy Blue Floral Print Dress
34570,Women,Apparel,Dress,Dresses,Black,Summer,2012.0,Casual,Tonga Women Printed Black Dress
41565,Women,Apparel,Dress,Dresses,Blue,Summer,2012.0,Casual,AND Women Blue Dress
59811,Women,Apparel,Dress,Dresses,Beige,Fall,2012.0,Casual,United Colors of Benetton Women Beige Printed Dress
43659,Women,Apparel,Dress,Dresses,Pink,Summer,2012.0,Casual,ONLY Women Pink Dress
43645,Women,Apparel,Dress,Dresses,Grey,Summer,2012.0,Casual,Vero Moda Women Grey Dress
48485,Women,Apparel,Dress,Dresses,Red,Summer,2012.0,Casual,French Connection Red & Brown Dress
39724,Women,Apparel,Dress,Dresses,Pink,Summer,2012.0,Casual,Arrow Woman Pink & Orange Dress
4987,Women,Apparel,Dress,Dresses,White,Summer,2011.0,Casual,Gini and Jony Girl's Viveca White Floral Kidswear
48472,Women,Apparel,Dress,Dresses,Black,Summer,2012.0,Casual,French Connection Black Dress
59984,Women,Apparel,Dress,Dresses,Purple,Fall,2012.0,Party,Avirate Women Purple Dress
8486,Women,Apparel,Dress,Dresses,Blue,Fall,2011.0,Casual,Forever New Women Butterbean Blue Dress
42217,Women,Apparel,Dress,Dresses,Black,Summer,2012.0,Party,Sepia Women Black Dress
18895,Women,Apparel,Dress,Dresses,Grey,Fall,2011.0,Casual,Arrow Woman Lida Grey Dress
48469,Women,Apparel,Dress,Dresses,Black,Summer,2012.0,Casual,French Connection Black Dress
58002,Women,Apparel,Dress,Dresses,Green,Fall,2012.0,Casual,Latin Quarters Women Green Printed Dress
6893,Women,Apparel,Dress,Dresses,Black,Summer,2011.0,Casual,Forever New Women Straps Black Dress
54973,Women,Apparel,Dress,Dresses,Off White,Summer,2012.0,Casual,Femella Women Off White Dress
59897,Women,Apparel,Dress,Dresses,Yellow,Fall,2012.0,Casual,Femella Women Yellow Dress
40405,Women,Apparel,Dress,Dresses,Black,Summer,2012.0,Casual,Tonga Women Black Dress
39232,Women,Apparel,Dress,Dresses,Blue,Summer,2012.0,Casual,Femella Women Blue Polka Bow Dress Dress
43637,Women,Apparel,Dress,Dresses,Pink,Summer,2012.0,Casual,Vero Moda Women Pink Dress
43652,Women,Apparel,Dress,Dresses,Pink,Summer,2012.0,Casual,ONLY Women Pink Dress
25908,Women,Apparel,Dress,Dresses,Red,Summer,2012.0,Casual,Femella Women Red Dress
38846,Women,Apparel,Dress,Dresses,Brown,Summer,2012.0,Casual,Latin Quarters Women Brown Printed Dress
31129,Girls,Apparel,Dress,Dresses,Magenta,Summer,2012.0,Casual,Giny and Jony Girls Printed White & Pink Dress
54972,Women,Apparel,Dress,Dresses,Green,Fall,2012.0,Casual,Femella Women Green & Black Dress
57044,Women,Apparel,Dress,Dresses,Black,Summer,2012.0,Party,Elle Women Black Dress
58003,Women,Apparel,Dress,Dresses,Blue,Fall,2012.0,Casual,Latin Quarters Women Blue Dress
59896,Women,Apparel,Dress,Dresses,Multi,Fall,2012.0,Casual,Femella Women Multi Coloured Dress
39234,Women,Apparel,Dress,Dresses,White,Summer,2012.0,Casual,Femella Women White Panel Princess Dress
34592,Women,Apparel,Dress,Dresses,Black,Summer,2012.0,Casual,Tonga Women Printed Black Dress
37266,Girls,Apparel,Dress,Dresses,Navy Blue,Summer,2012.0,Casual,United Colors of Benetton Girls Printed Navy Blue Dress
44682,Women,Apparel,Dress,Dresses,Blue,Summer,2012.0,Casual,Wills Lifestyle Women Blue Dress
49646,Women,Apparel,Dress,Dresses,Navy Blue,Summer,2012.0,Casual,Mineral Navy Blue Printed Dress
47661,Women,Apparel,Dress,Dresses,White,Summer,2012.0,Casual,Femella Women White Heart Print Dress
42216,Women,Apparel,Dress,Dresses,Black,Fall,2012.0,Casual,Sepia Women Black Dress
43633,Women,Apparel,Dress,Dresses,Red,Summer,2012.0,Casual,Vero Moda Women Coral Coloured Dress
43515,Women,Apparel,Dress,Dresses,Blue,Summer,2012.0,Casual,French Connection Women Blue Dress
52130,Girls,Apparel,Dress,Dresses,Blue,Summer,2012.0,Casual,Doodle Girls Blue Printed Dress
43681,Women,Apparel,Dress,Dresses,Blue,Summer,2012.0,Casual,French Connection Women Printed Blue Dress
34566,Women,Apparel,Dress,Dresses,Blue,Summer,2012.0,Casual,Tonga Women Printed Blue Dress
34095,Girls,Apparel,Dress,Dresses,Off White,Summer,2012.0,Casual,Doodle Girls Printed Multi Coloured Dress
57058,Women,Apparel,Dress,Dresses,White,Summer,2012.0,Casual,Elle Women Multi Coloured Dress
31127,Girls,Apparel,Dress,Dresses,Black,Summer,2012.0,Casual,Gini and Jony Girls Black Dress
59974,Women,Apparel,Dress,Dresses,Black,Fall,2012.0,Casual,Avirate Black & White Dress
34473,Women,Apparel,Dress,Dresses,Navy Blue,Summer,2012.0,Casual,Van Heusen Woman Navy Blue Dress
59975,Women,Apparel,Dress,Dresses,Black,Fall,2012.0,Casual,Avirate Black & Purple Dress
59996,Women,Apparel,Dress,Dresses,Purple,Summer,2014.0,Casual,Avirate Black & Purple Dress
18735,Women,Apparel,Dress,Dresses,Purple,Fall,2011.0,Casual,Arrow Woman Rima Purple Dress
41140,Women,Apparel,Dress,Dresses,White,Summer,2012.0,Casual,Allen Solly Woman White Dress
40430,Women,Apparel,Dress,Dresses,Grey,Summer,2012.0,Casual,Tonga Women Grey Dress
37929,Women,Apparel,Dress,Dresses,Pink,Summer,2012.0,Casual,Mineral Women Pink Dress
59990,Women,Apparel,Dress,Dresses,Pink,Fall,2012.0,Casual,Avirate Pink Dress
57049,Women,Apparel,Dress,Dresses,Black,Summer,2012.0,Casual,Elle Women Black A-Line Dress
6870,Women,Apparel,Dress,Dresses,Pink,Summer,2011.0,Casual,Forever New Women's Pink Dress
43625,Women,Apparel,Dress,Dresses,Black,Summer,2012.0,Casual,Vero Moda Women Black Printed Shift Dress
41571,Women,Apparel,Dress,Dresses,Red,Summer,2012.0,Casual,AND Women Red Dress
59972,Women,Apparel,Dress,Dresses,Black,Fall,2012.0,Party,Avirate Black Dress
7306,Women,Apparel,Dress,Dresses,White,Summer,2011.0,Casual,UCB Women's Sleeveless Off White Dress
51465,Women,Apparel,Dress,Dresses,Teal,Summer,2012.0,Casual,Tonga Women Teal Dress
59969,Women,Apparel,Dress,Dresses,Black,Fall,2012.0,Casual,Avirate Black Dress
59795,Women,Apparel,Dress,Dresses,Blue,Fall,2012.0,Casual,United Colors of Benetton Women Blue Dress
25503,Girls,Apparel,Dress,Dresses,Black,Fall,2011.0,Casual,Doodle Kids Girls Polka Dot Black Dress
26927,Women,Apparel,Dress,Dresses,Black,Summer,2012.0,Casual,Jealous 21 Women Black Dress
34015,Girls,Apparel,Dress,Dresses,Magenta,Summer,2012.0,Casual,Gini and Jony Girls Pink Dress
34586,Women,Apparel,Dress,Dresses,Black,Summer,2012.0,Casual,Tonga Women Printed Black Dress
57999,Women,Apparel,Dress,Dresses,Brown,Fall,2012.0,Casual,Latin Quarters Women Brown Dress
57048,Women,Apparel,Dress,Dresses,Black,Summer,2012.0,Casual,Elle Women Blue & Black Dress
51457,Women,Apparel,Dress,Dresses,Black,Summer,2012.0,Casual,Tonga Women Black Dress
39235,Women,Apparel,Dress,Dresses,Brown,Summer,2012.0,Casual,Femella Women Peach Crepe Front Zipper Dress Dress
44560,Men,Footwear,Sandal,Sandals,Black,Summer,2012.0,Casual,Coolers Men Black Sandals
35664,Men,Footwear,Sandal,Sandals,Black,Summer,2013.0,Casual,U.S. Polo Assn. Men Black Sandals
2805,Men,Footwear,Sandal,Sandals,Black,Fall,2009.0,Casual,iD Men Casual Leather/Felt Charcoal Sandal
5611,Men,Footwear,Sandal,Sandals,Black,Summer,2011.0,Casual,ADIDAS Men Kendall Black Grey Floater
7330,Men,Footwear,Sandal,Sandals,Black,Summer,2013.0,Casual,Red Tape Men Strappy Black Floater
4108,Men,Footwear,Sandal,Sandals,Navy Blue,Summer,2012.0,Casual,Fila Men Aruba Navy Grey Sandal
33662,Men,Footwear,Sandal,Sandals,Black,Summer,2012.0,Casual,Lotto Men Caesar Cross Black Sandals
16177,Men,Footwear,Sandal,Sandals,Black,Summer,2012.0,Casual,Enroute Men Leather Black Sandals
59311,Men,Footwear,Sandal,Sandals,Black,Fall,2012.0,Casual,Gliders Men Black Sandals
29239,Men,Footwear,Sandal,Sandals,Black,Summer,2012.0,Casual,ADIDAS Men Pural Black Sandals
22883,Men,Footwear,Sandal,Sandals,Khaki,Winter,2015.0,Casual,Woodland Men Khaki Casual Sandals
13122,Men,Footwear,Sandal,Sandals,Brown,Fall,2011.0,Casual,Lee Cooper Men Brown Sandals
47170,Men,Footwear,Sandal,Sandals,Brown,Summer,2012.0,Casual,Ganuchi Men Brown Sandals
15889,Girls,Footwear,Sandal,Sandals,Pink,Winter,2012.0,Casual,Warner Bros Kids Girls TW Big Facelog Pink Sandals
57505,Men,Footwear,Sandal,Sandals,Black,Summer,2012.0,Casual,Lee Cooper Men Black  Sandals
17816,Men,Footwear,Sandal,Sandals,Brown,Fall,2011.0,Casual,Lee Cooper Men  Brown Sandal
57940,Men,Footwear,Sandal,Sandals,Grey,Spring,2012.0,Casual,Clarks Men Grey Sandals
15890,Girls,Footwear,Sandal,Sandals,Pink,Spring,2013.0,Casual,Warner Bros Kids Girls TW Rainbow Clog Pink Sandals
3577,Men,Footwear,Sandal,Sandals,Black,Summer,2011.0,Casual,ADIDAS Men Black Alumin Sandal
57507,Men,Footwear,Sandal,Sandals,Black,Summer,2012.0,Casual,Lee Cooper Men Black  Sandals
43545,Men,Footwear,Sandal,Sandals,Brown,Summer,2012.0,Casual,Woodland Men Brown Sandals
39961,Men,Footwear,Sandal,Sandals,Brown,Spring,2013.0,Casual,GAS Men Brown Madly Sandals
17961,Men,Footwear,Sandal,Sandals,Grey,Fall,2011.0,Casual,Puma Men Scuba Grey Slipper
35523,Girls,Footwear,Sandal,Sandals,Purple,Summer,2012.0,Casual,Enroute Teens Purple Sandals
22894,Men,Footwear,Sandal,Sandals,Brown,Summer,2016.0,Casual,Woodland Men Camel Casual Sandals
17051,Men,Footwear,Sandal,Sandals,Tan,Spring,2013.0,Casual,Gas Men Venice Slipper
5296,Men,Footwear,Sandal,Sandals,Black,Summer,2011.0,Casual,Puma Men Black Floater
17053,Men,Footwear,Sandal,Sandals,Brown,Spring,2013.0,Casual,Gas Men Newport Slipper
50776,Men,Footwear,Sandal,Sandals,Brown,Winter,2013.0,Casual,Clarks Men Brown Leather Sandals
45578,Men,Footwear,Sandal,Sandals,Brown,Summer,2012.0,Casual,Arrow Men Brown Sandals
6403,Men,Footwear,Sandal,Sandals,Grey,Summer,2011.0,Casual,Lotto Men Quick Sports Grey Floater
15868,Unisex,Footwear,Sandal,Sandals,Brown,Fall,2011.0,Casual,Warner Bros Kids Unisex TJ Playlogs Brown Sandals
16115,Men,Footwear,Sandal,Sandals,Navy Blue,Fall,2011.0,Casual,Numero Uno Men Casual Navy Blue Slipper
44535,Men,Footwear,Sandal,Sandals,Black,Summer,2012.0,Casual,Coolers Men Black Sandals
36421,Men,Footwear,Sandal,Sandals,Grey,Spring,2013.0,Casual,Spinn Men Aura Grey Sandals
6130,Unisex,Footwear,Sandal,Sandals,Green,Summer,2011.0,Casual,Puma Unisex Scuba Black Green Floater
33646,Men,Footwear,Sandal,Sandals,Black,Summer,2012.0,Casual,Lotto Men Ridge Black Sandals
22487,Men,Footwear,Sandal,Sandals,Black,Fall,2011.0,Casual,ADIDAS Men Onix Casual Sandals
39285,Men,Footwear,Sandal,Sandals,Black,Summer,2018.0,Casual,Red Chief Men Black Sandals
39818,Men,Footwear,Sandal,Sandals,Black,Summer,2012.0,Casual,Red Tape Men Black Sandals
22248,Men,Footwear,Sandal,Sandals,Green,Fall,2012.0,Casual,ID Men Green Casual Sandals
36687,Men,Footwear,Sandal,Sandals,Navy Blue,Summer,2012.0,Casual,Spalding Men Grey And  Navy Blue Sandals
22888,Men,Footwear,Sandal,Sandals,Brown,Summer,2012.0,Casual,Woodland Men Brown Casual Sandals
29242,Men,Footwear,Sandal,Sandals,Black,Spring,2013.0,Casual,ADIDAS Men Zephyral Black Sandals
12720,Unisex,Footwear,Sandal,Sandals,Black,Fall,2011.0,Casual,ADIDAS Unisex Casual Black Sandals
16969,Men,Footwear,Sandal,Sandals,Black,Fall,2011.0,Casual,Puma Men Coupe Black Sandal
3504,Men,Footwear,Sandal,Sandals,Brown,Fall,2010.0,Casual,ADIDAS Men Spry Wine Black Sandal
7371,Men,Footwear,Sandal,Sandals,Brown,Winter,2018.0,Casual,Red Tape Men Casual Light Brown Floater
44447,Men,Footwear,Sandal,Sandals,Black,Summer,2013.0,Casual,Gliders Men Black Fighter Sandals
47096,Boys,Footwear,Sandal,Sandals,Red,Fall,2012.0,Casual,Marvel Boys Red Sandals
16981,Men,Footwear,Sandal,Sandals,Blue,Spring,2012.0,Casual,Puma Men Arizona Blue Slipper
44532,Men,Footwear,Sandal,Sandals,Black,Summer,2012.0,Casual,Coolers Men Black Sandals
39958,Men,Footwear,Sandal,Sandals,Brown,Spring,2013.0,Casual,GAS Men Brown Deeply Sandals
16120,Men,Footwear,Sandal,Sandals,White,Fall,2011.0,Casual,Numero Uno Men Casual White Slipper
15071,Men,Footwear,Sandal,Sandals,Brown,Fall,2012.0,Casual,Ganuchi Men Brown Sandals
21095,Men,Footwear,Sandal,Sandals,Brown,Summer,2011.0,Casual,Clarks Men Vine Call Brown Sandal
43957,Women,Footwear,Sandal,Sandals,Grey,Fall,2012.0,Casual,Puma Women Grey Techno Ind Sandals
47115,Boys,Footwear,Sandal,Sandals,Blue,Fall,2012.0,Casual,Marvel Boys Blue Slippers
39813,Men,Footwear,Sandal,Sandals,Brown,Summer,2013.0,Casual,Red Tape Men Brown Sandals
44544,Men,Footwear,Sandal,Sandals,Black,Summer,2012.0,Casual,Coolers Men Black Sandals
44568,Men,Footwear,Sandal,Sandals,Brown,Summer,2012.0,Casual,Coolers Men Brown Sandals
9019,Men,Footwear,Sandal,Sandals,Brown,Winter,2011.0,Casual,Buckaroo Men Mar Brown Sandals
40308,Unisex,Footwear,Sandal,Sandals,Green,Winter,2013.0,Casual,Warner Bros Kids Green sandals
22882,Men,Footwear,Sandal,Sandals,Olive,Winter,2015.0,Casual,Woodland Men Olive Casual Sandals
47222,Men,Footwear,Sandal,Sandals,Brown,Summer,2012.0,Casual,Franco Leone Men Brown Sandals
33660,Men,Footwear,Sandal,Sandals,Black,Summer,2012.0,Casual,Lotto Men Sting II Black Sandals
41869,Men,Footwear,Sandal,Sandals,Yellow,Fall,2015.0,Casual,Estd. 1977 Men Yellow & Brown Sandals
35643,Men,Footwear,Sandal,Sandals,Brown,Summer,2012.0,Casual,U.S. Polo Assn. Men Brown Sandals
46845,Girls,Footwear,Sandal,Sandals,Pink,Winter,2012.0,Casual,Barbie Pink Girls Slippers
45577,Men,Footwear,Sandal,Sandals,Black,Summer,2010.0,Casual,Arrow Men Black Sandals
46094,Men,Footwear,Sandal,Sandals,Grey,Summer,2012.0,Casual,ADIDAS Men Grey Climacool Cayoosh Sandals
24686,Men,Footwear,Sandal,Sandals,Black,Fall,2011.0,Casual,Lee Cooper Men Classic Black Sandals
34522,Men,Footwear,Sandal,Sandals,Brown,Summer,2012.0,Casual,Red Tape Men Brown Sandals
47175,Men,Footwear,Sandal,Sandals,Black,Summer,2012.0,Casual,Ganuchi Men Black Sandals
47178,Men,Footwear,Sandal,Sandals,Black,Summer,2012.0,Casual,Ganuchi Men Black Sandals
6366,Unisex,Footwear,Sandal,Sandals,Brown,Summer,2011.0,Casual,Crocs Kids Unisex Basic Clog Khaki Floater
16239,Unisex,Footwear,Sandal,Sandals,Pink,Fall,2011.0,Casual,Crocs Beach Unisex Pink Sandal
11942,Men,Footwear,Sandal,Sandals,Black,Summer,2011.0,Casual,Ganuchi Men Casual Black Sandals
4628,Men,Footwear,Sandal,Sandals,Brown,Summer,2011.0,Casual,ADIDAS Men Terra Lea Brown Sandal
7966,Men,Footwear,Sandal,Sandals,Black,Summer,2013.0,Casual,Red Tape Men Casual Black Floater
11963,Men,Footwear,Sandal,Sandals,Brown,Fall,2012.0,Casual,Ganuchi Men Brown Sandals
35543,Girls,Footwear,Sandal,Sandals,Black,Summer,2012.0,Casual,Enroute Teens Black Sandals
18401,Men,Footwear,Sandal,Sandals,Brown,Fall,2011.0,Casual,Skechers Men USA Brown Sandals
23675,Men,Footwear,Sandal,Sandals,Black,Winter,2018.0,Casual,Red Tape Men Black Casual Sandals
15851,Unisex,Footwear,Sandal,Sandals,Red,Fall,2011.0,Casual,Warner Bros Kids Unisex TJ Playlogs Red Sandals
44522,Men,Footwear,Sandal,Sandals,White,Fall,2012.0,Casual,Coolers Men White Sandals
47493,Unisex,Footwear,Sandal,Sandals,Grey,Fall,2012.0,Casual,Footfun Kids Unisex Grey Sandals
22893,Men,Footwear,Sandal,Sandals,Khaki,Summer,2012.0,Casual,Woodland Men Khaki Casual Sandals
6408,Men,Footwear,Sandal,Sandals,Beige,Summer,2011.0,Casual,Lotto Men Cross Beige Floater
35644,Men,Footwear,Sandal,Sandals,Black,Spring,2013.0,Casual,U.S. Polo Assn. Men Black Sandals
13904,Men,Footwear,Sandal,Sandals,Grey,Fall,2011.0,Casual,Nike Men Straprunner Grey Sandals
59323,Men,Footwear,Sandal,Sandals,Black,Summer,2012.0,Casual,Gliders Men Black Sandals
35554,Girls,Footwear,Sandal,Sandals,Pink,Summer,2012.0,Casual,Enroute Teens Pink Sandals
41873,Men,Footwear,Sandal,Sandals,Brown,Summer,2016.0,Casual,Estd. 1977 Men Brown Sandals
12961,Men,Footwear,Sandal,Sandals,Brown,Fall,2011.0,Casual,ADIDAS Men Casual Brown Sandals
15888,Girls,Footwear,Sandal,Sandals,Green,Fall,2012.0,Casual,Warner Bros Kids Girls TW Big Facelog Green Sandals
22891,Men,Footwear,Sandal,Sandals,Brown,Summer,2012.0,Casual,Woodland Men Brown Casual Sandals
39284,Men,Footwear,Sandal,Sandals,Khaki,Winter,2018.0,Casual,Red Chief Men Khaki Sandals
39815,Men,Footwear,Sandal,Sandals,Black,Summer,2013.0,Casual,Red Tape Men Black Sandals
22171,Men,Footwear,Sandal,Sandals,Brown,Fall,2012.0,Casual,Timberland Men Brown Sandals
41864,Men,Footwear,Sandal,Sandals,Brown,Summer,2016.0,Casual,Estd. 1977 Men Brown Sandals
47179,Men,Footwear,Sandal,Sandals,Black,Summer,2012.0,Casual,Ganuchi Men Black Sandals
28333,Men,Footwear,Sandal,Sandals,Brown,Winter,2018.0,Casual,Red Tape Men Casual Brown Sandals
22250,Men,Footwear,Sandal,Sandals,Brown,Fall,2012.0,Casual,ID Men Brown Casual Sandal
17976,Men,Footwear,Sandal,Sandals,Black,Fall,2011.0,Casual,Puma Men Hopper Black Sandal
6407,Men,Footwear,Sandal,Sandals,Black,Summer,2011.0,Casual,Lotto Men Cross Black Floater
41880,Men,Footwear,Sandal,Sandals,Brown,Fall,2014.0,Casual,Estd. 1977 Men Brown Sandals
15068,Men,Footwear,Sandal,Sandals,Black,Fall,2012.0,Casual,Ganuchi Men Black Sandal
44523,Men,Footwear,Sandal,Sandals,Brown,Summer,2012.0,Casual,Coolers Men Brown Sandals
5599,Men,Footwear,Sandal,Sandals,Black,Summer,2011.0,Sports,Reebok Men's Trail Surpant Black Orange Shoe
35648,Men,Footwear,Sandal,Sandals,Brown,Summer,2012.0,Casual,U.S. Polo Assn. Men Brown Sandals
6145,Unisex,Footwear,Sandal,Sandals,Black,Summer,2011.0,Casual,Puma Unisex K9 Black Green Floater
11917,Men,Footwear,Sandal,Sandals,Brown,Summer,2011.0,Casual,Franco Leone Men Casual Brown Sandals
39740,Men,Footwear,Sandal,Sandals,Brown,Summer,2012.0,Casual,Arrow Men Brown Sandals
2213,Men,Footwear,Sandal,Sandals,Brown,Fall,2010.0,Casual,Puma Men Brown Sandal
35537,Girls,Footwear,Sandal,Sandals,Black,Summer,2012.0,Casual,Enroute Kids Girls Black Sandals
42010,Men,Footwear,Sandal,Sandals,Brown,Summer,2015.0,Casual,Estd. 1977 Men Brown Sandals
15864,Unisex,Footwear,Sandal,Sandals,Navy Blue,Fall,2012.0,Casual,Warner Bros Kids Unisex SD FAce Sandal Navy Blue Sandals
28325,Men,Footwear,Sandal,Sandals,Brown,Winter,2018.0,Casual,Red Tape Men Brown Sandals
41458,Men,Footwear,Sandal,Sandals,Grey,Summer,2013.0,Casual,Lee Cooper Men Grey Sandals
26706,Men,Footwear,Sandal,Sandals,White,Fall,2011.0,Casual,Nike Men Bennasi Solarsift White Sandals
4648,Men,Footwear,Sandal,Sandals,Brown,Summer,2011.0,Casual,ADIDAS Men Neo Feather Brown Sandal
16111,Men,Footwear,Sandal,Sandals,Brown,Fall,2011.0,Casual,Numero Uno Men Casual Brown Slipper
11946,Men,Footwear,Sandal,Sandals,Brown,Summer,2012.0,Casual,Ganuchi Men Casual Brown Sandals
44539,Men,Footwear,Sandal,Sandals,Black,Summer,2012.0,Casual,Coolers Men Black Sandals
44443,Men,Footwear,Sandal,Sandals,Black,Fall,2012.0,Casual,Gliders Men Black & Brown Volant Sandals
44563,Men,Footwear,Sandal,Sandals,Black,Summer,2012.0,Casual,Coolers Men Black Sandals
15857,Unisex,Footwear,Sandal,Sandals,Blue,Spring,2013.0,Casual,Warner Bros Kids Unisex LT Blug Clog Blue Sandals
25492,Men,Footwear,Sandal,Sandals,Black,Summer,2012.0,Casual,Nike Men Air Embark Black Sandals
17047,Men,Footwear,Sandal,Sandals,Brown,Spring,2013.0,Casual,Gas Men Santa Monica Slipper
16973,Men,Footwear,Sandal,Sandals,Olive,Fall,2011.0,Casual,Puma Men Cooper Black Sandal
44520,Men,Footwear,Sandal,Sandals,Khaki,Summer,2012.0,Casual,Coolers Men Khaki Sandals
41875,Men,Footwear,Sandal,Sandals,Brown,Fall,2014.0,Casual,Estd. 1977 Men Brown Sandals
26707,Men,Footwear,Sandal,Sandals,Black,Summer,2011.0,Casual,Nike Men Black Mikumi Sandals
28324,Men,Footwear,Sandal,Sandals,Black,Winter,2018.0,Casual,Red Tape Men Casual Black Sandals
24476,Men,Footwear,Sandal,Sandals,Brown,Fall,2011.0,Casual,Crocs Men Brown Yukon Sandals
4110,Men,Footwear,Sandal,Sandals,Green,Summer,2011.0,Casual,Fila Men Obsidian Olive Sandal
15070,Men,Footwear,Sandal,Sandals,Brown,Fall,2012.0,Casual,Ganuchi Men Brown Sandal
6729,Men,Footwear,Sandal,Sandals,Green,Winter,2011.0,Casual,Puma Men Pumpom Olive Black Floater
2821,Men,Footwear,Sandal,Sandals,Brown,Summer,2012.0,Formal,Lee Cooper Men Formal Leather Brown Sandal
35699,Men,Footwear,Sandal,Sandals,Black,Summer,2012.0,Casual,Nike Men Air Deschutz Black Sandals
12866,Men,Footwear,Sandal,Sandals,Black,Spring,2012.0,Casual,Lee Cooper Men Casual Black Slippers
9212,Men,Footwear,Sandal,Sandals,Black,Fall,2011.0,Casual,Puma Men Apex Black Floaters
23895,Men,Footwear,Sandal,Sandals,Olive,Summer,2012.0,Casual,Fila Men Corvette Olive Sandals
3583,Men,Footwear,Sandal,Sandals,Blue,Summer,2011.0,Casual,ADIDAS Men's Blue White Flip Flop
9101,Men,Footwear,Sandal,Sandals,Black,Winter,2011.0,Casual,Buckaroo Men Luz Black Sandals
47231,Men,Footwear,Sandal,Sandals,Black,Summer,2012.0,Casual,Franco Leone Men Black Slippers
44521,Men,Footwear,Sandal,Sandals,Black,Summer,2012.0,Casual,Coolers Men Black Sandals
16162,Men,Footwear,Sandal,Sandals,Black,Fall,2011.0,Casual,Enroute Men Leather Black Sandals
39286,Men,Footwear,Sandal,Sandals,Tan,Summer,2018.0,Casual,Red Chief Men Tan Sandals
32517,Men,Footwear,Sandal,Sandals,Brown,Summer,2013.0,Casual,Franco Leone Men Brown Sandals
50728,Men,Footwear,Sandal,Sandals,Black,Winter,2018.0,Casual,Red Chief Men Black Sandals
5288,Men,Footwear,Sandal,Sandals,Brown,Summer,2011.0,Casual,Lee Cooper Men Brown Floater
2220,Men,Footwear,Sandal,Sandals,Black,Fall,2010.0,Sports,Puma Men Carbon Black Sandal
18493,Men,Footwear,Sandal,Sandals,Multi,Fall,2011.0,Casual,Puma Men Duncan Multi Slipper
9718,Men,Footwear,Sandal,Sandals,Brown,Fall,2011.0,Casual,Hush Puppies Men Walsh Brown Sandals
35555,Girls,Footwear,Sandal,Sandals,Red,Summer,2012.0,Casual,Enroute Teens Red Sandals
41867,Men,Footwear,Sandal,Sandals,Red,Summer,2016.0,Casual,Estd. 1977 Men Red & Brown Sandals
35504,Men,Footwear,Sandal,Sandals,Olive,Summer,2012.0,Casual,Bata Men Hummer-p Olive Sandals
8752,Unisex,Footwear,Sandal,Sandals,Purple,Fall,2015.0,Casual,Crocs Kids Band Club Purple Floater
3836,Men,Footwear,Sandal,Sandals,Brown,Summer,2011.0,Casual,Crocs Men Santa Cruz Clog Espresso Brown Sandal
47112,Boys,Footwear,Sandal,Sandals,Red,Spring,2013.0,Casual,Marvel Boys Red Spiderman Clogs
50734,Men,Footwear,Sandal,Sandals,Brown,Winter,2018.0,Casual,Red Chief Men Brown Sandals
9705,Men,Footwear,Sandal,Sandals,Brown,Winter,2015.0,Formal,Hush Puppies Men Decent Brown Sandals
41866,Men,Footwear,Sandal,Sandals,Beige,Fall,2015.0,Casual,Estd. 1977 Men Beige & Green Sandals
41455,Men,Footwear,Sandal,Sandals,Grey,Summer,2012.0,Casual,Lee Cooper Men Grey Sandals
34083,Men,Footwear,Sandal,Sandals,Brown,Fall,2012.0,Casual,Clarks Men Atl Three Ebony Leather Brown Sandals
47218,Men,Footwear,Sandal,Sandals,Brown,Summer,2012.0,Casual,Franco Leone Men Brown Sandals
2233,Men,Footwear,Sandal,Sandals,Black,Fall,2010.0,Casual,Puma Men Carbon Sandal
15862,Unisex,Footwear,Sandal,Sandals,Blue,Fall,2012.0,Casual,Warner Bros Kids Unisex SD Face Sandal Blue Sandals
2211,Men,Footwear,Sandal,Sandals,Navy Blue,Fall,2010.0,Casual,Puma Men Trek Navy Blue Floater
47118,Boys,Footwear,Sandal,Sandals,Red,Spring,2013.0,Casual,Marvel Boys Red Spiderman Clogs
39816,Men,Footwear,Sandal,Sandals,Brown,Summer,2012.0,Casual,Red Tape Men Brown Sandals
15367,Men,Footwear,Sandal,Sandals,Brown,Summer,2012.0,Casual,Red Tape Men Casual Brown Sandals
26543,Men,Footwear,Sandal,Sandals,Black,Fall,2012.0,Casual,ID Men Black & Yellow Sandals
35562,Girls,Footwear,Sandal,Sandals,White,Summer,2012.0,Casual,Enroute Teens White Sandals
35545,Girls,Footwear,Sandal,Sandals,Brown,Summer,2012.0,Casual,Enroute Teens Brown Sandals
33649,Men,Footwear,Sandal,Sandals,Black,Summer,2012.0,Casual,Lotto Men Stride Black Sandals
43958,Men,Footwear,Sandal,Sandals,Olive,Fall,2012.0,Casual,Puma Men Olive Techno Ind Sandal
40306,Unisex,Footwear,Sandal,Sandals,White,Winter,2013.0,Casual,Warner Bros Unisex White Kids sandals
11935,Men,Footwear,Sandal,Sandals,Black,Summer,2012.0,Casual,Ganuchi Men Casual Black Slipper
4447,Men,Footwear,Sandal,Sandals,Black,Summer,2011.0,Casual,Nike Men Extra Wilderness Black Orange Sandal
13973,Men,Footwear,Sandal,Sandals,Green,Fall,2011.0,Casual,Puma Men Tropi Cat Green Slippers
35166,Men,Footwear,Sandal,Sandals,Brown,Summer,2012.0,Casual,Coolers by Liberty Men Brown Sandals
6396,Men,Footwear,Sandal,Sandals,Beige,Summer,2011.0,Casual,Lotto Men Revenge 02 Beige Grey Floater
7970,Unisex,Footwear,Sandal,Sandals,Brown,Fall,2012.0,Casual,Fila Unisex Aqua Gripparre Brown Sandals
2802,Men,Footwear,Sandal,Sandals,Multi,Fall,2009.0,Casual,iD Men Casual Leather Tmber Sandal
17044,Men,Footwear,Sandal,Sandals,Brown,Summer,2013.0,Casual,Gas Men Aventura Sandal
32508,Men,Footwear,Sandal,Sandals,Brown,Winter,2015.0,Casual,Franco Leone Men Brown Sandals
23900,Unisex,Footwear,Sandal,Sandals,Black,Summer,2012.0,Casual,Fila Unisex Wiser Black Sandals
15253,Men,Footwear,Sandal,Sandals,White,Fall,2011.0,Casual,ADIDAS Originals Men Adi Sun M White Slippers
39820,Men,Footwear,Sandal,Sandals,Black,Summer,2012.0,Casual,Red Tape Men Black Sandals
35592,Men,Footwear,Sandal,Sandals,Navy Blue,Summer,2013.0,Casual,Gliders Men Navy Blue Sandals
11941,Men,Footwear,Sandal,Sandals,Tan,Fall,2011.0,Casual,Ganuchi Men Casual Tan Sandals
39823,Men,Footwear,Sandal,Sandals,Brown,Summer,2012.0,Casual,Red Tape Men Brown Sandals
33655,Men,Footwear,Sandal,Sandals,Black,Summer,2012.0,Casual,Lotto Men Red Zeus Sandals
19770,Men,Footwear,Sandal,Sandals,Black,Spring,2012.0,Casual,ADIDAS Men Feather Black Sandals
2224,Men,Footwear,Sandal,Sandals,Green,Fall,2010.0,Casual,Puma Men's Trek Olive Green Sandal
2636,Men,Footwear,Sandal,Sandals,Brown,Fall,2010.0,Casual,Carlton London Men Brown Strapped Sandal
18497,Men,Footwear,Sandal,Sandals,Black,Fall,2011.0,Casual,Puma Men Future Cat Black Slipper
35165,Men,Footwear,Sandal,Sandals,Black,Fall,2012.0,Casual,Coolers Men Black Sandals
44553,Men,Footwear,Sandal,Sandals,Brown,Summer,2012.0,Casual,Coolers Men Brown Sandals
33688,Men,Footwear,Sandal,Sandals,White,Winter,2012.0,Casual,Cobblerz Men White Sandals
23297,Men,Footwear,Sandal,Sandals,Red,Fall,2011.0,Casual,Lotto Men Zeus Red Sandal
19900,Men,Footwear,Sandal,Sandals,Black,Fall,2011.0,Casual,Lotto Men Hermes Black Sandal
47232,Men,Footwear,Sandal,Sandals,Brown,Summer,2012.0,Casual,Franco Leone Men Brown Sandals
35647,Men,Footwear,Sandal,Sandals,Brown,Summer,2012.0,Casual,U.S. Polo Assn. Men Brown Sandals
59349,Men,Footwear,Sandal,Sandals,Brown,Summer,2012.0,Casual,Gliders Men Brown Sandals
18498,Men,Footwear,Sandal,Sandals,Black,Fall,2011.0,Casual,Puma Men Gypse-II Black Sandals
43546,Men,Footwear,Sandal,Sandals,Black,Summer,2012.0,Casual,Woodland Men Black Sandals
57503,Men,Footwear,Sandal,Sandals,Brown,Summer,2012.0,Casual,Lee Cooper Men Brown Sandals
41876,Men,Footwear,Sandal,Sandals,Black,Summer,2016.0,Casual,Estd. 1977 Men Beige & Black Sandals
6405,Men,Footwear,Sandal,Sandals,Brown,Summer,2011.0,Casual,Lotto Men Cross Brown Floater
5616,Men,Footwear,Sandal,Sandals,Brown,Summer,2011.0,Casual,ADIDAS Men Comanche Brown Floater
22890,Men,Footwear,Sandal,Sandals,Olive,Summer,2012.0,Casual,Woodland Men Olive Casual Sandals
41859,Men,Footwear,Sandal,Sandals,Black,Summer,2016.0,Casual,Estd. 1977 Men Black Sandals
44824,Men,Footwear,Sandal,Sandals,Tan,Winter,2013.0,Casual,Clarks Men Tan Brown Leather Sandals
47224,Men,Footwear,Sandal,Sandals,Brown,Summer,2012.0,Casual,Franco Leone Men Brown Slippers
11943,Men,Footwear,Sandal,Sandals,Brown,Winter,2012.0,Casual,Ganuchi Men Brown Sandals
35558,Girls,Footwear,Sandal,Sandals,Silver,Summer,2012.0,Casual,Enroute Teens Silver Sandals
2820,Men,Footwear,Sandal,Sandals,Black,Summer,2012.0,Formal,Lee Cooper Men Formal Leather Black Sandal
38787,Men,Footwear,Sandal,Sandals,Brown,Winter,2015.0,Casual,Woodland Men Brown Sandals
39737,Men,Footwear,Sandal,Sandals,Black,Summer,2012.0,Casual,Arrow Men Black Sandals
18670,Men,Footwear,Sandal,Sandals,Black,Fall,2011.0,Casual,Fila Men Cavander Black Sandals
26546,Men,Footwear,Sandal,Sandals,Black,Fall,2012.0,Casual,ID Men Black & Red Sandals
35561,Girls,Footwear,Sandal,Sandals,Pink,Summer,2012.0,Casual,Enroute Teens Pink Sandals
23899,Men,Footwear,Sandal,Sandals,Brown,Fall,2011.0,Casual,Fila Men Wiser Brown Sandals
36693,Men,Footwear,Sandal,Sandals,Brown,Summer,2012.0,Casual,Spalding Men Brown Sandals
4106,Men,Footwear,Sandal,Sandals,Grey,Summer,2011.0,Casual,Fila Men Tremor Grey Sandal
6824,Men,Footwear,Sandal,Sandals,Brown,Fall,2012.0,Casual,Timberland Men Granite Trailway Brown Floater
11940,Men,Footwear,Sandal,Sandals,Black,Summer,2011.0,Casual,Ganuchi Men Casual Black Sandals
3833,Unisex,Footwear,Sandal,Sandals,Pink,Summer,2011.0,Casual,Crocs Kid's Electro Flip Bubblegum Fuchsia Pink Kidswear
43377,Men,Footwear,Sandal,Sandals,Navy Blue,Summer,2013.0,Casual,Reebok Men Navy Blue Coalition Sandals
12965,Men,Footwear,Sandal,Sandals,Black,Fall,2011.0,Casual,ADIDAS Men Comanche Black Sandals
50736,Men,Footwear,Sandal,Sandals,Brown,Winter,2018.0,Casual,Red Chief Men Brown Sandals
38786,Men,Footwear,Sandal,Sandals,Brown,Winter,2015.0,Casual,Woodland Men Brown Sandals
40311,Unisex,Footwear,Sandal,Sandals,Pink,Winter,2013.0,Casual,Warner Bros Kids Unisex Pink Sandals
50756,Men,Footwear,Sandal,Sandals,Brown,Winter,2018.0,Casual,Red Chief Men Brown Sandals
44426,Unisex,Footwear,Sandal,Sandals,Blue,Summer,2012.0,Casual,Footfun Kids Unisex Blue Sandals
39821,Men,Footwear,Sandal,Sandals,Black,Summer,2012.0,Casual,Red Tape Men Black Sandals
15853,Girls,Footwear,Sandal,Sandals,Green,Fall,2012.0,Casual,Warner Bros Kids Girls TW Love flops Green Slippers
47217,Men,Footwear,Sandal,Sandals,Black,Summer,2012.0,Casual,Franco Leone Men Black Sandals
6400,Men,Footwear,Sandal,Sandals,Black,Summer,2011.0,Casual,Lotto Men Laos Black Grey Floater
11918,Men,Footwear,Sandal,Sandals,Black,Summer,2011.0,Casual,Franco Leone Men Casual Black Sandals
43547,Men,Footwear,Sandal,Sandals,Brown,Summer,2012.0,Casual,Woodland Men Brown Sandals
11944,Men,Footwear,Sandal,Sandals,Blue,Summer,2012.0,Casual,Ganuchi Men Casual Blue Sandals
23298,Men,Footwear,Sandal,Sandals,Black,Fall,2011.0,Casual,Lotto Men Sting II Black Sandal
16117,Men,Footwear,Sandal,Sandals,Black,Fall,2011.0,Casual,Numero Uno Men Casual Black Slipper
15067,Men,Footwear,Sandal,Sandals,Brown,Summer,2012.0,Casual,Ganuchi Men Brown Sandal
6129,Unisex,Footwear,Sandal,Sandals,Black,Summer,2011.0,Casual,Puma Unisex Scuba Black Sandals
58172,Women,Accessories,Bags,Handbags,Grey,Fall,2012.0,Casual,Rocky S Women Stone Grey Handbag
54388,Women,Accessories,Bags,Handbags,Brown,Summer,2012.0,Casual,Baggit Women Brown Handbag
44278,Women,Accessories,Bags,Handbags,Black,Summer,2012.0,Casual,Murcia Women Black Handpainted Print Handbag
17129,Women,Accessories,Bags,Handbags,Black,Winter,2015.0,Casual,Lino Perros Women Classic Black  Handbag
57846,Unisex,Accessories,Bags,Handbags,Beige,Summer,2012.0,Casual,Lino Perros Unisex Beige Sling Bag
36505,Women,Accessories,Bags,Handbags,White,Summer,2012.0,Casual,United Colors of Benetton Women White Handbag
20420,Women,Accessories,Bags,Handbags,Purple,Winter,2015.0,Casual,Baggit Women Bijli Taj Purple Handbag
33393,Women,Accessories,Bags,Handbags,Brown,Summer,2012.0,Casual,Baggit Women Faltu Taj Brown Handbag
57261,Women,Accessories,Bags,Handbags,Brown,Summer,2012.0,Casual,Murcia Women Brown Handbag
15660,Unisex,Accessories,Bags,Handbags,Black,Fall,2011.0,Casual,Belkin Unisex Dash Laptop 16
52622,Women,Accessories,Bags,Handbags,Purple,Summer,2012.0,Casual,Mod-acc Women Purple Handbag
16761,Women,Accessories,Bags,Handbags,Olive,Winter,2015.0,Casual,Spice Art Women Leatherette  Olive Handbags
25261,Women,Accessories,Bags,Handbags,Beige,Summer,2012.0,Casual,Lino Perros Women Canvas Beige Handbag
47351,Women,Accessories,Bags,Handbags,Black,Summer,2012.0,Casual,Baggit Women Black Bag
29741,Women,Accessories,Bags,Handbags,Green,Summer,2012.0,Casual,Kiara Women Leatherette Green Handbag
38444,Women,Accessories,Bags,Handbags,Brown,Summer,2012.0,Casual,Baggit Women Green Handbag
42933,Unisex,Accessories,Bags,Handbags,Blue,Summer,2012.0,Casual,French Connection Unisex Blue Bag
47391,Women,Accessories,Bags,Handbags,Beige,Fall,2012.0,Casual,Baggit Women Beige Handbag
49559,Women,Accessories,Bags,Handbags,Purple,Summer,2012.0,Casual,Rocia Women Purple Handbag
42936,Men,Accessories,Bags,Handbags,Khaki,Summer,2012.0,Casual,French Connection Men Khaki Handbag
29729,Women,Accessories,Bags,Handbags,Green,Summer,2012.0,Casual,Kiara Women Leatherette Green Handbag
20399,Women,Accessories,Bags,Handbags,Brown,Winter,2015.0,Casual,Baggit Women Possible Taj Brown Handbag
53914,Women,Accessories,Bags,Handbags,White,Summer,2012.0,Casual,Kiara Women White Handbag
2661,Women,Accessories,Bags,Handbags,Pink,Winter,2015.0,Casual,Murcia Women Jute Sling Pink Bag
1598,Women,Accessories,Bags,Handbags,Blue,Summer,2011.0,Travel,Geonaute Women Blue Outdoor Bag
20830,Unisex,Accessories,Bags,Handbags,Navy Blue,Summer,2011.0,Sports,Nike Unisex Solid Navy Blue Bag
46972,Women,Accessories,Bags,Handbags,Purple,Summer,2012.0,Casual,Bulchee Women Purple Handbag
8240,Women,Accessories,Bags,Handbags,Mustard,Winter,2016.0,Casual,Fastrack Women Mustard Sling Bag
25150,Women,Accessories,Bags,Handbags,Black,Winter,2015.0,Casual,Lino Perros Women Leatherette Black Handbag
10202,Women,Accessories,Bags,Handbags,Green,Winter,2015.0,Casual,Murcia Women Asjke Green Green Handbags
21934,Women,Accessories,Bags,Handbags,Mustard,Winter,2015.0,Casual,Murcia Women Casual Mustard Handbag
43571,Women,Accessories,Bags,Handbags,Purple,Summer,2012.0,Casual,Puma Purple Kenobi II Tote Bag
14812,Women,Accessories,Bags,Handbags,Black,Summer,2011.0,Casual,United Colors of Benetton Women Solid Black Handbags
47889,Women,Accessories,Bags,Handbags,Brown,Summer,2012.0,Casual,Murcia Women Brown Handbag
21484,Women,Accessories,Bags,Handbags,Grey,Winter,2015.0,Casual,Kiara Women Grey Shiny Handbag
21522,Women,Accessories,Bags,Handbags,Black,Winter,2015.0,Casual,Kiara Women Classic Black Handbag
47361,Women,Accessories,Bags,Handbags,Black,Summer,2012.0,Casual,Baggit Women Black Voodoo Gang Handbag
2673,Women,Accessories,Bags,Handbags,Black,Winter,2015.0,Casual,Murcia Women Sleek Black Leatherette Hand Bag
20487,Women,Accessories,Bags,Handbags,Black,Winter,2015.0,Casual,Baggit Women Golmaal Taj Black Handbag
49546,Women,Accessories,Bags,Handbags,Maroon,Summer,2012.0,Casual,Rocia Women Maroon Handbag
50237,Women,Accessories,Bags,Handbags,Pink,Summer,2012.0,Casual,Stoln Women Pink Handbag
43334,Women,Accessories,Bags,Handbags,Maroon,Spring,2013.0,Casual,Murcia Women Maroon Handbag
47139,Women,Accessories,Bags,Handbags,Pink,Summer,2015.0,Casual,Be For Bag Women Combo pack Tote Bags
58267,Women,Accessories,Bags,Handbags,Bronze,Fall,2012.0,Casual,Baggit Women Bronze Handbag
25171,Women,Accessories,Bags,Handbags,Brown,Winter,2015.0,Casual,Lino Perros Women Black & Brown Handbag
4604,Women,Accessories,Bags,Handbags,Pink,Winter,2015.0,Casual,Wildcraft Pink & Grey Printed Tote Bag
38422,Women,Accessories,Bags,Handbags,Brown,Summer,2012.0,Casual,Baggit Women Brown Peepli Parinacrush Handbag
21524,Women,Accessories,Bags,Handbags,Brown,Winter,2015.0,Casual,Kiara Women Women Handbag
20393,Women,Accessories,Bags,Handbags,Brown,Winter,2015.0,Casual,Baggit Women Grand Hoor Brown Handbag
36995,Women,Accessories,Bags,Handbags,Red,Summer,2012.0,Casual,Lino Perros Women Red Handbag
27061,Women,Accessories,Bags,Handbags,Pink,Summer,2015.0,Casual,Yelloe Pink Laptop Pocket Handbag
25276,Women,Accessories,Bags,Handbags,Red,Summer,2012.0,Casual,Lino Perros Women Leatherite Red Handbag
20459,Women,Accessories,Bags,Handbags,Purple,Winter,2016.0,Casual,Baggit Women Libra Jhuti Purple Handbag
27038,Women,Accessories,Bags,Handbags,Beige,Summer,2012.0,Casual,Yelloe Beige Easy To Handle Handbag
34885,Women,Accessories,Bags,Handbags,Multi,Summer,2012.0,Casual,Envirosax Women Multi Coloured Bag
27743,Women,Accessories,Bags,Handbags,Black,Winter,2015.0,Casual,Murcia Women Black Sling bag
29738,Women,Accessories,Bags,Handbags,Teal,Summer,2012.0,Casual,Kiara Women Teal Handbag
27737,Women,Accessories,Bags,Handbags,Red,Winter,2015.0,Casual,Murcia Women Red Handbag
38446,Women,Accessories,Bags,Handbags,Beige,Summer,2012.0,Casual,Baggit Women Beige Handbag
58277,Women,Accessories,Bags,Handbags,Beige,Summer,2012.0,Casual,Baggit Women Beige Libra Jhuti Sling Bag
58184,Women,Accessories,Bags,Handbags,Beige,Summer,2012.0,Casual,Rocky S Women Beige Handbag
37418,Women,Accessories,Bags,Handbags,Multi,Summer,2012.0,Casual,Murcia Women Multi Handbag
44244,Women,Accessories,Bags,Handbags,Black,Summer,2012.0,Casual,Hidekraft Women Black Handbag
54829,Women,Accessories,Bags,Handbags,Brown,Winter,2012.0,Casual,Ivory Tag Women Brown Sling Bag
15296,Unisex,Accessories,Bags,Handbags,Black,Fall,2011.0,Casual,ADIDAS Originals Unisex Spo Shoulderbag Black
58928,Women,Accessories,Bags,Handbags,Olive,Summer,2010.0,Casual,Ivory Tag Olive Dip Sling Bag
28442,Women,Accessories,Bags,Handbags,Blue,Summer,2012.0,Casual,Kiara Women Blue Handbag
24789,Women,Accessories,Bags,Handbags,Brown,Winter,2015.0,Casual,Lino Perros Women Leatherite Brown Bag
42860,Women,Accessories,Bags,Handbags,Cream,Summer,2012.0,Casual,French Connection Women Cream Handbag
27690,Women,Accessories,Bags,Handbags,Black,Winter,2015.0,Casual,Murcia Women Black Handbag
34559,Women,Accessories,Bags,Handbags,Pink,Summer,2012.0,Casual,Puma Women Pink Fitness Small Handbag
53679,Women,Accessories,Bags,Handbags,Pink,Summer,2012.0,Casual,Kiara Women Pink Handbag
54017,Women,Accessories,Bags,Handbags,Grey,Summer,2012.0,Casual,Kiara Women Grey Handbag
15436,Women,Accessories,Bags,Handbags,Maroon,Fall,2011.0,Casual,Hidekraft Women Leather Maroon Handbags
18793,Unisex,Accessories,Bags,Handbags,Beige,Summer,2010.0,Casual,Peter England Unisex Casual Beige Bag
47138,Women,Accessories,Bags,Handbags,White,Summer,2015.0,Casual,Be For Bag Women Combo pack Tote Bags
38462,Women,Accessories,Bags,Handbags,Blue,Fall,2012.0,Casual,Baggit Women Blue Tinki Tower Sling Bag
37070,Women,Accessories,Bags,Handbags,Brown,Summer,2012.0,Casual,Lino Perros Women Brown Handbag
53941,Women,Accessories,Bags,Handbags,Grey,Summer,2012.0,Casual,Kiara Women Grey Handbag
20611,Women,Accessories,Bags,Handbags,Red,Winter,2015.0,Casual,Baggit Women Frankie Hoor Red Handbag
52660,Women,Accessories,Bags,Handbags,Pink,Summer,2012.0,Casual,Mod'acc Women Pink & Beige Handbag
43292,Women,Accessories,Bags,Handbags,Pink,Summer,2015.0,Casual,Murcia Women Pink Kate Handbag
43570,Women,Accessories,Bags,Handbags,Black,Summer,2012.0,Casual,Puma Women Black Handbag
57236,Women,Accessories,Bags,Handbags,Burgundy,Summer,2012.0,Casual,Murcia Women Burgundy Handbag
37955,Women,Accessories,Bags,Handbags,Black,Summer,2012.0,Casual,Yelloe Women Fur Black Handbag
54392,Women,Accessories,Bags,Handbags,Red,Summer,2012.0,Casual,Baggit Women Red Handbag
25286,Women,Accessories,Bags,Handbags,Pink,Summer,2012.0,Casual,Lino Perros Women Leatherette Pink Sling Bag
47338,Women,Accessories,Bags,Handbags,Orange,Summer,2012.0,Casual,Baggit Women Orange Frankie Eva Handbag
47292,Women,Accessories,Bags,Handbags,Purple,Summer,2012.0,Casual,Baggit Women Purple Handbag
25720,Women,Accessories,Bags,Handbags,Black,Summer,2012.0,Casual,Wrangler Women Black Canvas Sling Bag
58269,Women,Accessories,Bags,Handbags,Brown,Fall,2012.0,Casual,Baggit Women Brown Handbag
14798,Women,Accessories,Bags,Handbags,Brown,Summer,2011.0,Casual,United Colors of Benetton Women Solid Coffee Brown Handbags
27668,Women,Accessories,Bags,Handbags,White,Winter,2015.0,Casual,Murcia Women White Handbag
20613,Women,Accessories,Bags,Handbags,Purple,Winter,2015.0,Casual,Baggit Women Ishqx Barat Purple Handbag
36038,Unisex,Accessories,Bags,Handbags,Blue,Summer,2012.0,Casual,OTLS Unisex Blue Bag
25207,Women,Accessories,Bags,Handbags,Grey,Winter,2015.0,Casual,Lino Perros Women Classic Grey Handbag
33415,Women,Accessories,Bags,Handbags,Purple,Fall,2012.0,Casual,Baggit Women Quick Jhuti Purple Handbag
48187,Women,Accessories,Bags,Handbags,Multi,Winter,2016.0,Casual,Fossil Women Multi Coloured Handbag
57230,Women,Accessories,Bags,Handbags,Purple,Summer,2012.0,Casual,Murcia Women Purple Handbag
47418,Women,Accessories,Bags,Handbags,Beige,Summer,2012.0,Casual,Baggit Women Beige Handbag
47377,Women,Accessories,Bags,Handbags,Maroon,Summer,2012.0,Casual,Baggit Women Maroon Bag
10198,Women,Accessories,Bags,Handbags,Beige,Winter,2015.0,Casual,Murcia Women Hddcs Beige Handbags
46987,Women,Accessories,Bags,Handbags,Charcoal,Summer,2012.0,Casual,Bulchee Women Charcoal Handbag
25272,Women,Accessories,Bags,Handbags,Red,Summer,2012.0,Casual,Lino Perros Women Leatherette Red Handbag
27742,Women,Accessories,Bags,Handbags,Brown,Winter,2015.0,Casual,Murcia Women Brown Sling bag
34871,Women,Accessories,Bags,Handbags,Multi,Summer,2012.0,Casual,Envirosax Women Multi Coloured  Bag
5851,Women,Accessories,Bags,Handbags,Black,Summer,2011.0,Casual,ADIDAS Women Style Black Handbag
25242,Women,Accessories,Bags,Handbags,Olive,Summer,2012.0,Casual,Lino Perros Women Leatherite Olive Handbag
54033,Women,Accessories,Bags,Handbags,Teal,Summer,2012.0,Casual,Kiara Women Teal Handbag
34762,Women,Accessories,Bags,Handbags,Orange,Summer,2015.0,Casual,Be For Bag Women Orange Bag
3385,Women,Accessories,Bags,Handbags,Brown,Winter,2015.0,Casual,Murcia Brown Self Design Shoulder Bag
20385,Women,Accessories,Bags,Handbags,Purple,Winter,2015.0,Casual,Baggit Women Flare Baby Purple Handbag
9485,Unisex,Accessories,Bags,Handbags,Black,Winter,2013.0,Casual,Puma Unisex Black Foundation Shoulder Bag
47814,Women,Accessories,Bags,Handbags,Red,Summer,2012.0,Casual,Murcia Women Red Handbag
57231,Women,Accessories,Bags,Handbags,Black,Summer,2012.0,Casual,Murcia Women Black Handbag
33430,Women,Accessories,Bags,Handbags,Blue,Summer,2012.0,Casual,Baggit Women Pinto Checksy Blue Sling Bag
15439,Women,Accessories,Bags,Handbags,Black,Fall,2011.0,Casual,Hidekraft Women Leather Black Handbags
20967,Women,Accessories,Bags,Handbags,Black,Winter,2016.0,Casual,Fastrack Women Polyester Black Sling Bag
52623,Women,Accessories,Bags,Handbags,Black,Summer,2012.0,Casual,Mod'acc Women Black & Grey Handbag
27683,Women,Accessories,Bags,Handbags,White,Winter,2015.0,Casual,Murcia Women White Handbag
47294,Women,Accessories,Bags,Handbags,Purple,Summer,2012.0,Casual,Baggit Women Purple Bag
58271,Women,Accessories,Bags,Handbags,Beige,Fall,2012.0,Casual,Baggit Women Beige Handbag
15651,Unisex,Accessories,Bags,Handbags,Black,Fall,2011.0,Casual,Belkin Unisex Apple Move Toploader 15
18033,Women,Accessories,Bags,Handbags,Brown,Winter,2015.0,Casual,Lino Perros Women Solid Brown Handbag
5505,Unisex,Accessories,Bags,Handbags,Grey,Summer,2011.0,Casual,Nike Grey Printed Handheld Bag
47378,Women,Accessories,Bags,Handbags,Navy Blue,Summer,2012.0,Casual,Baggit Women Navy Blue Handbag
24625,Women,Accessories,Bags,Handbags,Mustard,Winter,2015.0,Casual,Murcia Women Mustard Handbag
47298,Women,Accessories,Bags,Handbags,Purple,Summer,2012.0,Casual,Baggit Women Purple Bag
10223,Women,Accessories,Bags,Handbags,Green,Winter,2015.0,Casual,Murcia Women Zoe Green Handbags
14896,Women,Accessories,Bags,Handbags,Black,Summer,2011.0,Casual,United Colors of Benetton Women Solid Black Handbags
37079,Women,Accessories,Bags,Handbags,Purple,Summer,2012.0,Casual,Lino Perros Women Purple Handbag
53651,Women,Accessories,Bags,Handbags,Blue,Summer,2012.0,Casual,Kiara Women Blue Handbag
58173,Women,Accessories,Bags,Handbags,Brown,Fall,2012.0,Casual,Rocky S Women Brown Handbag
47410,Women,Accessories,Bags,Handbags,Blue,Summer,2012.0,Casual,Baggit Women Grey Bag
37856,Women,Accessories,Bags,Handbags,Black,Summer,2012.0,Casual,Hidekraft Women Black Handbag
8234,Women,Accessories,Bags,Handbags,Pink,Winter,2016.0,Casual,Fastrack Women Cross Body Hobo Hand Bag
43333,Women,Accessories,Bags,Handbags,Brown,Summer,2012.0,Casual,Murcia Women Brown Handbag
54491,Women,Accessories,Bags,Handbags,Green,Summer,2012.0,Casual,Lino Perros Women Green Handbag
51918,Women,Accessories,Bags,Handbags,Green,Summer,2016.0,Casual,Nyk Women Green Horado Handbag
49067,Women,Accessories,Bags,Handbags,Olive,Summer,2012.0,Casual,Lino Perros Women Olive Handbag
16760,Women,Accessories,Bags,Handbags,Black,Winter,2015.0,Casual,Spice Art Women Leatherette  Black Handbags
47142,Women,Accessories,Bags,Handbags,White,Summer,2015.0,Casual,Be For Bag Women White and Pink Combo pack Tote Bags
47434,Women,Accessories,Bags,Handbags,Purple,Summer,2012.0,Casual,Baggit Women Purple Handbag
47724,Women,Accessories,Bags,Handbags,Bronze,Summer,2012.0,Casual,Murcia Women Bronze Handbag
36676,Women,Accessories,Bags,Handbags,Red,Summer,2012.0,Casual,Paridhan Women Red Handbag
26426,Women,Accessories,Bags,Handbags,Bronze,Summer,2012.0,Casual,Spice Art Women Leatherette Bronze Handbag
33734,Women,Accessories,Bags,Handbags,Navy Blue,Winter,2012.0,Casual,Pieces Women Navy Blue Zaki Handbag
26220,Women,Accessories,Bags,Handbags,Pink,Summer,2012.0,Casual,Hidekraft Women Leather Pink Handbag
25258,Women,Accessories,Bags,Handbags,Off White,Summer,2012.0,Casual,Lino Perros Women Leatherette Off White Handbag
46980,Women,Accessories,Bags,Handbags,Black,Summer,2012.0,Casual,Bulchee Women Black Handbag
35916,Women,Accessories,Bags,Handbags,Purple,Fall,2012.0,Casual,Peperone Women Purple Handbag
36536,Women,Accessories,Bags,Handbags,Blue,Summer,2012.0,Casual,United Colors of Benetton Women Blue Sling Bag
49551,Women,Accessories,Bags,Handbags,Beige,Summer,2012.0,Casual,Rocia Women Beige Handbag
20387,Women,Accessories,Bags,Handbags,Purple,Winter,2015.0,Casual,Baggit Women Bunny Taj Purple Handbag
20512,Women,Accessories,Bags,Handbags,Teal,Winter,2015.0,Casual,Baggit Women Teal Turnoff Taj Handbag
43291,Women,Accessories,Bags,Handbags,Grey,Summer,2012.0,Casual,Murcia Women Grey Kate Handbag
52659,Women,Accessories,Bags,Handbags,Cream,Summer,2012.0,Casual,Mod'acc Women Blue & Cream Handbag
47398,Women,Accessories,Bags,Handbags,Brown,Summer,2012.0,Casual,Baggit Women Brown Handbag
10229,Women,Accessories,Bags,Handbags,Black,Winter,2015.0,Casual,Murcia Women Hths Black Handbags
48329,Women,Accessories,Bags,Handbags,Purple,Summer,2012.0,Casual,Pitaraa Women Purple Sling Bag
54812,Women,Accessories,Bags,Handbags,Grey,Summer,2010.0,Casual,Ivory Tag Grey Fur Handbag
10216,Women,Accessories,Bags,Handbags,Green,Winter,2015.0,Casual,Murcia Women Hths Green Handbags
8519,Women,Accessories,Bags,Handbags,Pink,Summer,2011.0,Casual,Nike Women Nike Pink-Blue tote Pink Bags
54834,Women,Accessories,Bags,Handbags,Brown,Summer,2012.0,Casual,Ivory Tag Dazzling Rossete Brown Sling Bag
47295,Women,Accessories,Bags,Handbags,Purple,Summer,2012.0,Casual,Baggit Women Purple Sling Bag
21543,Women,Accessories,Bags,Handbags,Black,Winter,2015.0,Casual,Kiara Women Small Pocket Black Handbag
17131,Women,Accessories,Bags,Handbags,Black,Winter,2015.0,Casual,Lino Perros Women Classic Black Handbag
47399,Women,Accessories,Bags,Handbags,Green,Fall,2012.0,Casual,Baggit Women Green Bag
26430,Women,Accessories,Bags,Handbags,Brown,Winter,2015.0,Casual,Spice Art Women Leatherette Brown Handbag
30183,Women,Accessories,Bags,Handbags,Blue,Summer,2012.0,Casual,Nike Women Athletes Rowena Blue Handbag
21976,Women,Accessories,Bags,Handbags,Red,Winter,2015.0,Casual,Murcia Women Casual Red Handbag
27672,Women,Accessories,Bags,Handbags,Brown,Winter,2015.0,Casual,Murcia Women Brown Handbag
29743,Women,Accessories,Bags,Handbags,Green,Summer,2012.0,Casual,Kiara Women Light Green Handbag
47289,Women,Accessories,Bags,Handbags,Red,Summer,2012.0,Casual,Baggit Women Red Bag
53943,Women,Accessories,Bags,Handbags,Brown,Summer,2012.0,Casual,Kiara Women Brown Handbag
25162,Women,Accessories,Bags,Handbags,Black,Winter,2015.0,Casual,Lino Perros Women Leatherette Black Handbag
54040,Women,Accessories,Bags,Handbags,Black,Summer,2012.0,Casual,Kiara Women Black Handbag
49567,Women,Accessories,Bags,Handbags,Black,Summer,2015.0,Casual,Spice Art Women Black Handbag
36674,Women,Accessories,Bags,Handbags,Orange,Summer,2012.0,Casual,Paridhan Women Orange Handbag
42859,Women,Accessories,Bags,Handbags,Brown,Summer,2012.0,Casual,French Connection Women Brown Alexandra Handbag
5854,Women,Accessories,Bags,Handbags,Pink,Summer,2011.0,Casual,ADIDAS Women Pink Handbag
51934,Women,Accessories,Bags,Handbags,Yellow,Summer,2016.0,Casual,Nyk Women Yellow Arsenal Handbag
57241,Women,Accessories,Bags,Handbags,Blue,Summer,2012.0,Casual,Murcia Women Blue Handbag
22003,Women,Accessories,Bags,Handbags,Blue,Winter,2015.0,Casual,Murcia Women Casual Blue Handbag
21945,Women,Accessories,Bags,Handbags,Brown,Winter,2015.0,Casual,Murcia Women Brown Leather Handbag
35176,Unisex,Accessories,Bags,Handbags,Black,Summer,2015.0,Casual,Wildcraft Unisex Graffiti Black & Yellow Sling Bag
50431,Unisex,Accessories,Bags,Handbags,Khaki,Summer,2012.0,Casual,Lino Perros Unisex Khaki Bag
2672,Women,Accessories,Bags,Handbags,Red,Winter,2015.0,Ethnic,Murcia Women Ethnic Hand Bag
48175,Women,Accessories,Bags,Handbags,Black,Winter,2016.0,Casual,Fossil Women Black Handbag
53997,Women,Accessories,Bags,Handbags,Grey,Summer,2012.0,Casual,Kiara Women Grey Handbag
42858,Women,Accessories,Bags,Handbags,Brown,Summer,2012.0,Casual,French Connection Women Brown Sling Bag
21521,Women,Accessories,Bags,Handbags,Pink,Winter,2015.0,Casual,Kiara Women Rose Pink Handbag
37409,Women,Accessories,Bags,Handbags,Black,Summer,2012.0,Casual,Murcia Women Black Handbag
3387,Women,Accessories,Bags,Handbags,Black,Winter,2015.0,Casual,Murcia Women With Stitch Black Bag
42834,Women,Accessories,Bags,Handbags,Grey,Summer,2012.0,Casual,French Connection Women Grey & Brown Handbag
35909,Women,Accessories,Bags,Handbags,Yellow,Summer,2012.0,Casual,Peperone Women Yellow Sling Bag
21975,Women,Accessories,Bags,Handbags,Brown,Winter,2015.0,Casual,Murcia Women Casual Brown Handbag
21526,Women,Accessories,Bags,Handbags,Red,Winter,2015.0,Casual,Kiara Women Glossy Red Handbag
5874,Women,Accessories,Bags,Handbags,Black,Summer,2011.0,Casual,Puma Womens Thrill Black handbag
53684,Women,Accessories,Bags,Handbags,Purple,Summer,2012.0,Casual,Kiara Women Purple Handbag
25208,Women,Accessories,Bags,Handbags,Grey,Winter,2015.0,Casual,Lino Perros Women Leatherette Grey Handbag
42837,Women,Accessories,Bags,Handbags,Black,Summer,2012.0,Casual,French Connection Women Black Kite Handbag
22011,Women,Accessories,Bags,Handbags,Blue,Winter,2015.0,Casual,Murcia Women Casual Blue Handbag
20398,Women,Accessories,Bags,Handbags,Brown,Winter,2015.0,Casual,Baggit Women Golmaal Taj Brown Handbag
3404,Women,Accessories,Bags,Handbags,Red,Winter,2015.0,Casual,Murcia Women Red Hobo Handbag
36036,Unisex,Accessories,Bags,Handbags,Mustard,Summer,2012.0,Casual,OTLS Unisex Mustard Brown Bag
8520,Women,Accessories,Bags,Handbags,Grey,Summer,2011.0,Casual,Nike Women Nike Grey handbag Grey Bags
34731,Women,Accessories,Bags,Handbags,Mustard,Summer,2012.0,Casual,Baggit Women Mustard Selection Hunt Sling Bag
42854,Women,Accessories,Bags,Handbags,Brown,Summer,2010.0,Casual,French Connection Brown Colourblocked Tote Bag
47689,Women,Accessories,Bags,Handbags,Brown,Summer,2012.0,Casual,Murcia Women Brown Sling Bag
52766,Women,Accessories,Bags,Handbags,Black,Fall,2012.0,Casual,Fiorelli Women Black Leather Handbag
20963,Women,Accessories,Bags,Handbags,Black,Winter,2016.0,Casual,Fastrack Women Polyester Black Sling Bag
16765,Women,Accessories,Bags,Handbags,Black,Winter,2015.0,Casual,Spice Art Women Antique Black Potli
49063,Women,Accessories,Bags,Handbags,Brown,Summer,2012.0,Casual,Lino Perros Women Brown Handbag
25296,Women,Accessories,Bags,Handbags,Olive,Summer,2012.0,Casual,Lino Perros Women Sporty Olive Handbag
47886,Women,Accessories,Bags,Handbags,Brown,Summer,2012.0,Casual,Murcia Women Dark Brown Handbag
25218,Women,Accessories,Bags,Handbags,Pink,Winter,2015.0,Casual,Lino Perros Women Pink & Black Striped Handbag
27748,Women,Accessories,Bags,Handbags,Brown,Winter,2015.0,Casual,Murcia Women Brown Sling Bag
53921,Women,Accessories,Bags,Handbags,Brown,Summer,2012.0,Casual,Kiara Women Camel Brown Handbag
28448,Women,Accessories,Bags,Handbags,Brown,Summer,2012.0,Casual,Kiara Women Brown Handbag
47341,Women,Free Items,Free Gifts,Handbags,Black,Summer,2010.0,Casual,Baggit Black Sling Bag
3384,Women,Accessories,Bags,Handbags,Black,Winter,2015.0,Casual,Murcia Women Stitch Black Bag
54512,Women,Accessories,Bags,Handbags,Beige,Summer,2012.0,Casual,Lino Perros Women Beige Handbag
9003,Women,Accessories,Bags,Handbags,Black,Winter,2015.0,Casual,Murcia Women Tote Black Handbags
10230,Women,Accessories,Bags,Handbags,Brown,Winter,2015.0,Casual,Murcia Women Claudia Brown Handbags
43277,Women,Accessories,Bags,Handbags,Lavender,Winter,2012.0,Casual,Murcia Women Lavender Handbag
2663,Women,Accessories,Bags,Handbags,Brown,Winter,2015.0,Casual,Murcia Women Non Leather Brown Bag
54409,Women,Accessories,Bags,Handbags,Purple,Fall,2012.0,Casual,Baggit Women Purple Sling Bag
49518,Women,Accessories,Bags,Handbags,Gold,Summer,2012.0,Casual,Rocia Women Golden Handbag
47794,Women,Accessories,Bags,Handbags,Brown,Summer,2012.0,Casual,Murcia Women Brown Handbag
33432,Women,Accessories,Bags,Handbags,Green,Summer,2012.0,Casual,Baggit Green Handbag
2365,Women,Accessories,Bags,Handbags,Pink,Spring,2011.0,Sports,ADIDAS Pink Women Bag
27678,Women,Accessories,Bags,Handbags,Brown,Winter,2015.0,Casual,Murcia Women Brown Handbag
25288,Women,Accessories,Bags,Handbags,Turquoise Blue,Summer,2012.0,Casual,Lino Perros Women Leatherette Turquoise Blue Sling Bag
42839,Women,Accessories,Bags,Handbags,Brown,Summer,2012.0,Casual,French Connection Women Brown Handbag
38755,Women,Accessories,Bags,Handbags,Black,Summer,2012.0,Casual,Nike Women Black Handbag
54007,Women,Accessories,Bags,Handbags,Grey,Summer,2012.0,Casual,Kiara Women Grey Handbag
14788,Women,Accessories,Bags,Handbags,Black,Summer,2011.0,Casual,United Colors of Benetton Women Solid Black Handbags
52754,Women,Accessories,Bags,Handbags,Black,Fall,2012.0,Casual,Fiorelli Women Black and Taupe Leather Handbag
37435,Women,Accessories,Bags,Handbags,Black,Summer,2012.0,Casual,Murcia Women Black Handbag
10220,Women,Accessories,Bags,Handbags,Pink,Winter,2015.0,Casual,Murcia Women Mary Pink Handbags
35918,Women,Accessories,Bags,Handbags,Black,Summer,2012.0,Casual,Peperone Women Black Handbag
35910,Women,Accessories,Bags,Handbags,Brown,Summer,2012.0,Casual,Peperone Women Brown Handbag
54386,Women,Accessories,Bags,Handbags,Black,Summer,2012.0,Casual,Baggit Women Black & Grey Small Handbag
20602,Women,Accessories,Bags,Handbags,Red,Winter,2015.0,Casual,Baggit Women Red Selection Lisa Sling Bag
16759,Women,Accessories,Bags,Handbags,White,Winter,2015.0,Casual,Spice Art Women Copper Glass White Handbags
22001,Women,Accessories,Bags,Handbags,Green,Winter,2015.0,Casual,Murcia Women Casual Green Handbag
10217,Women,Accessories,Bags,Handbags,Pink,Winter,2015.0,Casual,Murcia Women Kkhh Pink Handbags
21552,Women,Accessories,Bags,Handbags,Purple,Winter,2015.0,Casual,Kiara Women Small Pocket Purple Handbag
53897,Women,Accessories,Bags,Handbags,Brown,Summer,2012.0,Casual,Kiara Women Camel Brown Handbag
46308,Women,Accessories,Watches,Watches,White,Winter,2016.0,Casual,Fossil Women White Dial Watch AM4183
51556,Men,Accessories,Watches,Watches,Black,Winter,2016.0,Casual,Fastrack Men Black Dial Watch
45174,Men,Accessories,Watches,Watches,Black,Winter,2016.0,Casual,CASIO ENTICER Men Black Dial Analogue Watch A582
40549,Women,Accessories,Watches,Watches,Black,Winter,2016.0,Casual,Titan Women Black Watch
25651,Men,Accessories,Watches,Watches,Black,Summer,2017.0,Casual,Fastrack Men Black Dial Watch N9336SL03
40517,Men,Accessories,Watches,Watches,Cream,Winter,2016.0,Casual,Titan Men Cream Dial Watch
56674,Men,Accessories,Watches,Watches,White,Winter,2016.0,Casual,Maxima Men White Dial Chronograph Watch
11135,Men,Accessories,Watches,Watches,Black,Winter,2016.0,Casual,Puma Men Visor Multifunction Silver white Black Watches
29918,Men,Accessories,Watches,Watches,Grey,Winter,2016.0,Casual,Police Men Grey Dial Watch PL12698JSU
33929,Women,Accessories,Watches,Watches,Silver,Winter,2016.0,Casual,Citizen Women White Dial Watch
50406,Women,Accessories,Watches,Watches,Black,Winter,2016.0,Casual,Miss Sixty Black Dial Watch
10109,Women,Accessories,Watches,Watches,Steel,Winter,2016.0,Casual,Fastrack Women Denim Analogue Steel Watch
25338,Women,Accessories,Watches,Watches,Red,Winter,2016.0,Casual,CASIO Sheen Women Red Dial Chronograph Watch SX029 SHE-5017L-4ADF
56682,Men,Accessories,Watches,Watches,White,Winter,2016.0,Casual,Maxima Men White Chronograph Watch
37295,Men,Accessories,Watches,Watches,Black,Winter,2016.0,Casual,Casio Enticer Men Black Analogue Watches (A501) MTD-1065B-1A2VDF
51644,Men,Accessories,Watches,Watches,White,Winter,2016.0,Casual,Fossil Men White Dial Chronograph Watch FS4716
32374,Women,Accessories,Watches,Watches,White,Winter,2016.0,Casual,Q&Q Women White Dial Watch
54659,Women,Accessories,Watches,Watches,Black,Winter,2016.0,Casual,Fastrack Women Red Dial Watch
51638,Unisex,Accessories,Watches,Watches,Gold,Winter,2016.0,Casual,Fossil Unisex Gold-Toned Dial Chronograph Watch FS4724
23289,Women,Accessories,Watches,Watches,Black,Winter,2016.0,Casual,Maxima Ssteele Women Black Watch
19762,Men,Accessories,Watches,Watches,Black,Winter,2016.0,Casual,Ice Men Carbon Black Watch
10705,Women,Accessories,Watches,Watches,Silver,Winter,2016.0,Casual,Esprit Women Twist Black Houston Silver Watches
36798,Men,Accessories,Watches,Watches,Silver,Winter,2016.0,Casual,Maxima Men Silver Dial Ssteele Watch
51570,Men,Accessories,Watches,Watches,Silver,Winter,2016.0,Casual,Fastrack Men Silver Watch
11484,Men,Accessories,Watches,Watches,Black,Winter,2016.0,Casual,Puma Men Ocean Black Watch
53586,Men,Accessories,Watches,Watches,Silver,Winter,2016.0,Casual,Q&Q Men Sliver Dial Watch
39028,Men,Accessories,Watches,Watches,Black,Winter,2016.0,Casual,CASIO ENTICER Men Black Dial Watch A642
48028,Men,Accessories,Watches,Watches,Black,Winter,2016.0,Casual,Nautica Men Black Dial Chronograph Watch
53609,Men,Accessories,Watches,Watches,Black,Winter,2016.0,Casual,Q&Q Men Black Digital Watch M051J007Y
51660,Men,Accessories,Watches,Watches,Black,Winter,2016.0,Casual,Fossil Men Black Dial Watch AM4384
51635,Women,Accessories,Watches,Watches,White,Winter,2016.0,Casual,Fossil Women White Dial Chronograph Watch CH2824
51566,Women,Accessories,Watches,Watches,White,Summer,2017.0,Casual,Fastrack Women White Dial Watch NB6027sm01
29919,Men,Accessories,Watches,Watches,Black,Winter,2016.0,Casual,Police Men Black Dial Chronograph Watch PL12699JS-02
45146,Men,Accessories,Watches,Watches,Gold,Winter,2016.0,Formal,CASIO ENTICER Men Chronograph Watch A482 
45872,Men,Accessories,Watches,Watches,Grey,Winter,2016.0,Casual,Maxima Men Dark Grey Dial Watch
52670,Men,Accessories,Watches,Watches,Silver,Winter,2016.0,Casual,Morellato Men Silver Dial Watch
25661,Women,Accessories,Watches,Watches,Black,Winter,2016.0,Casual,Fastrack Women Black Dial Watch NA2394SL02
51510,Men,Accessories,Watches,Watches,White,Winter,2016.0,Casual,Fastrack Men White Dial Watch
37298,Men,Accessories,Watches,Watches,Blue,Winter,2016.0,Casual,CASIO Enticer Men Black Dial Analogue Watch A517
23521,Men,Accessories,Watches,Watches,Black,Winter,2016.0,Casual,ADIDAS Men Black Dial Watch
51562,Men,Accessories,Watches,Watches,Black,Winter,2016.0,Casual,Fastrack Men Black Dial Watch 3062pp02b
45011,Men,Accessories,Watches,Watches,Steel,Winter,2016.0,Casual,Maxima Men Digital Multifunction Watch
31844,Women,Accessories,Watches,Watches,Grey,Winter,2016.0,Casual,Titan Women Grey Dial Watch
51657,Men,Accessories,Watches,Watches,Blue,Winter,2016.0,Casual,Fossil Men Blue Chronograph Watch CH2694
29411,Men,Accessories,Watches,Watches,White,Winter,2016.0,Casual,Giordano Men White Dial Watch
10701,Women,Accessories,Watches,Watches,Steel,Winter,2016.0,Casual,Esprit Women Silver Houston Steel Watches
31821,Men,Accessories,Watches,Watches,Steel,Winter,2016.0,Casual,Titan Men Silver Dial Watch
46500,Men,Accessories,Watches,Watches,Steel,Winter,2016.0,Casual,Timex Men Silver Dial Watch
59227,Women,Accessories,Watches,Watches,Black,Winter,2016.0,Casual,Titan Women Black Watch
17460,Men,Accessories,Watches,Watches,Black,Winter,2016.0,Casual,CASIO G-Shock Men Black Analogue-Digital Watch GA-110GB-1ADR G339
46530,Women,Accessories,Watches,Watches,White,Winter,2016.0,Casual,Timex Women Silver-Toned Dial Watch T2N148
21481,Men,Accessories,Watches,Watches,White,Winter,2016.0,Casual,Ice Men XXL White Watch
29432,Men,Accessories,Watches,Watches,Black,Winter,2016.0,Casual,Giordano Men Black Dial Watch
25609,Women,Accessories,Watches,Watches,Black,Winter,2016.0,Casual,Fastrack Women Black & Grey Dial Watch N2161SL06
33876,Men,Accessories,Watches,Watches,Black,Winter,2016.0,Casual,Citizen Men Black Dial Chronograph Watch
29446,Men,Accessories,Watches,Watches,Black,Winter,2016.0,Casual,Giordano Men Black Dial Watch
26343,Women,Accessories,Watches,Watches,White,Winter,2016.0,Casual,DKNY Women White Dial Watch NY8305
54679,Women,Accessories,Watches,Watches,Charcoal,Winter,2016.0,Casual,Fastrack Women White Dial Watch
43179,Men,Accessories,Watches,Watches,White,Winter,2016.0,Casual,Fastrack Men White Dial Watch
25333,Women,Accessories,Watches,Watches,Black,Winter,2016.0,Casual,CASIO Sheen Women Analogue Watche SH110
10698,Women,Accessories,Watches,Watches,Red,Winter,2016.0,Casual,Esprit Women Houston Red Ice Red Watch
29509,Women,Accessories,Watches,Watches,Blue,Winter,2016.0,Casual,Giordano Women Blue Dial Watch
30096,Men,Accessories,Watches,Watches,Black,Winter,2016.0,Casual,Ed Hardy Men Black Dial Watch
45003,Men,Accessories,Watches,Watches,Black,Winter,2016.0,Casual,Maxima Men Scuba Digital Watch
56681,Men,Accessories,Watches,Watches,Black,Winter,2016.0,Casual,Maxima Men Black Dial Chronograph Watch
45264,Men,Accessories,Watches,Watches,Olive,Winter,2016.0,Casual,CASIO G-Shock Olive Digital Watch G245
32299,Men,Accessories,Watches,Watches,White,Winter,2016.0,Casual,Q&Q Men White Dial Watch
32336,Men,Accessories,Watches,Watches,White,Winter,2016.0,Casual,Q&Q Dynamiq Men White Dial Watch Q276J404Y
37322,Women,Accessories,Watches,Watches,Pink,Winter,2016.0,Casual,CASIO Sheen Women Mother Of Pearl Dial Watch SX019 SHE-4022D-4ADR
51641,Men,Accessories,Watches,Watches,Black,Winter,2016.0,Casual,Fossil Men Black Dial Chronograph Watch FS4723
37315,Men,Accessories,Watches,Watches,White,Winter,2016.0,Casual,CASIO Edifice Men White Dial Chronograph Watch EX006
45885,Men,Accessories,Watches,Watches,Black,Winter,2016.0,Casual,Maxima Men Black Dial Watch
45035,Men,Accessories,Watches,Watches,Grey,Winter,2016.0,Casual,Maxima Men Grey Dial Watch
40559,Men,Accessories,Watches,Watches,White,Winter,2016.0,Casual,Titan Men White Dial Watch
10105,Women,Accessories,Watches,Watches,Steel,Winter,2016.0,Casual,Fastrack Women Analogue Leather Steel Watches
29920,Men,Accessories,Watches,Watches,Black,Winter,2016.0,Casual,Police Men Black Dial Chronograph Watch PL12699JSB
53585,Men,Accessories,Watches,Watches,Blue,Winter,2016.0,Casual,Q&Q Men Blue Dial Watch
51537,Women,Accessories,Watches,Watches,Silver,Winter,2016.0,Casual,Fastrack Women Silver-Toned Dial Watch 9827pp06
17455,Men,Accessories,Watches,Watches,Black,Winter,2016.0,Casual,Casio Enticer Men Silver Analogue Watches (A168) MTP-1192A-1ADF
37472,Men,Accessories,Watches,Watches,Grey,Winter,2016.0,Casual,Esprit Men Grey Dial Watch
49327,Women,Accessories,Watches,Watches,White,Winter,2016.0,Casual,DKNY Women White Dial Watch NY4634
22942,Women,Accessories,Watches,Watches,White,Winter,2016.0,Casual,Fastrack Women White Casual Watch
11179,Men,Accessories,Watches,Watches,Brown,Winter,2016.0,Casual,Carrera Men Leather strap dial and golden frame Brown Watches
23287,Men,Accessories,Watches,Watches,White,Winter,2016.0,Casual,Maxima Men Ssteele White Dial Watch
49516,Men,Accessories,Watches,Watches,Silver,Winter,2016.0,Casual,Police Men Sliver-Toned Dial Watch PL12897JS-04M
25645,Men,Accessories,Watches,Watches,Black,Winter,2016.0,Casual,Fastrack Men Black Casual Watch
45189,Women,Accessories,Watches,Watches,Black,Winter,2016.0,Casual,CASIO ENTICER Women Black Dial Analogue Watch A638
10585,Men,Accessories,Watches,Watches,Black,Winter,2016.0,Casual,Carrera Men Rubber strap dial Black Watches
28430,Women,Accessories,Watches,Watches,Beige,Winter,2016.0,Formal,DKNY Women Beige Chronograph Watch NY8330
45113,Men,Accessories,Watches,Watches,Black,Winter,2016.0,Casual,Casio Enticer Men Silver Analogue Watch MTP-1233D-1ADF(A188)
40547,Women,Accessories,Watches,Watches,Silver,Winter,2016.0,Casual,Titan Women Silver Watch
31826,Men,Accessories,Watches,Watches,Silver,Winter,2016.0,Casual,Titan Men White Dial Watch
45259,Men,Accessories,Watches,Watches,Black,Winter,2016.0,Casual,Casio EDIFICE Men Chronograph Watch ED61 EF-305D-1AVDF
51627,Women,Accessories,Watches,Watches,White,Winter,2016.0,Casual,FOSSIL Women White Dial Watch ES3013
40502,Men,Accessories,Watches,Watches,Cream,Winter,2016.0,Casual,Titan Men Cream-Coloured Dial Watch NB1072YL06
40560,Men,Accessories,Watches,Watches,Black,Summer,2017.0,Casual,Titan Men Black Dial Watch NB9154YM05A
29907,Men,Accessories,Watches,Watches,Black,Winter,2016.0,Casual,Police Men Black Dial Genuine Leather Watch
45263,Men,Accessories,Watches,Watches,Black,Winter,2016.0,Casual,CASIO G-SHOCK Men Black Dial Chronograph Watch G241
41035,Men,Accessories,Watches,Watches,White,Winter,2016.0,Casual,Nautica Men White Dial Watch
19261,Women,Accessories,Watches,Watches,Silver,Winter,2016.0,Casual,Guess Women Logo Glam Silver Watch
29977,Women,Accessories,Watches,Watches,White,Summer,2017.0,Casual,Aspen Women White Dial Watch AP1102
54677,Women,Accessories,Watches,Watches,Black,Winter,2016.0,Casual,Fastrack Women Black Dial Watch NB9735NL02
30013,Men,Accessories,Watches,Watches,Black,Winter,2016.0,Casual,Kenneth Cole Men Black Dial Chronograph Watch
45127,Men,Accessories,Watches,Watches,Blue,Winter,2016.0,Casual,Casio Enticer Men Silver Analogue Watch MTP-1214A-2AVDF(A343)
36769,Men,Accessories,Watches,Watches,White,Winter,2016.0,Casual,Maxima Men White Dial Watch
59222,Women,Accessories,Watches,Watches,Maroon,Winter,2016.0,Casual,Titan Women Maroon Watch
43204,Men,Accessories,Watches,Watches,Black,Winter,2016.0,Casual,Fastrack Men Black Dial Watch
38030,Women,Accessories,Watches,Watches,Pink,Winter,2016.0,Casual,Q&Q Women Pink Watch
49901,Unisex,Accessories,Watches,Watches,Blue,Winter,2016.0,Casual,Q&Q Kids Unisex Blue Analog Watch
45151,Men,Accessories,Watches,Watches,White,Winter,2016.0,Casual,Casio Enticer Men Black Analogue Watch MTP-1302L-7BVDF(A490)
45192,Men,Accessories,Watches,Watches,Gold,Winter,2016.0,Formal,CASIO ENTICER Men Gold-Toned Dial Analogue Watch A644
10702,Women,Accessories,Watches,Watches,Steel,Winter,2016.0,Casual,Esprit Women Lissomy Glam Silver Black Steel Watches
40515,Men,Accessories,Watches,Watches,Cream,Winter,2016.0,Casual,Titan Men Cream Dial Watch
37307,Men,Accessories,Watches,Watches,Black,Winter,2016.0,Casual,Casio Youth Series Men Digital Watch W-213-1AVDF(D065)
53601,Men,Accessories,Watches,Watches,Black,Winter,2016.0,Casual,Q&Q Men Black Digital Watch M075J002Y
43189,Women,Accessories,Watches,Watches,Steel,Winter,2016.0,Casual,Fastrack Women Steel Dial Watch
56324,Women,Accessories,Watches,Watches,White,Winter,2016.0,Casual,Fastrack Women White Dial Watch
11001,Men,Accessories,Watches,Watches,Black,Winter,2016.0,Sports,Puma Men Top Fluctuation Red Black Watches
24487,Men,Accessories,Watches,Watches,Black,Winter,2016.0,Casual,Esprit Men Casual Black Watch
59236,Men,Accessories,Watches,Watches,Silver,Winter,2016.0,Casual,Titan Men Silver Watch
45199,Women,Accessories,Watches,Watches,Black,Winter,2016.0,Casual,CASIO ENTICER Women Black Dial Analogue Watch A654
16778,Unisex,Accessories,Watches,Watches,Grey,Winter,2016.0,Casual,ADIDAS Originals Unisex Grey Dial Chronograph Watch ADH2569
45000,Men,Accessories,Watches,Watches,Grey,Winter,2016.0,Casual,Maxima Men Black Digital Watch
19260,Men,Accessories,Watches,Watches,Copper,Winter,2016.0,Casual,Guess Men Power Broker Copper Watch
17426,Men,Accessories,Watches,Watches,White,Winter,2016.0,Casual,CASIO Edifice Men White Dial Watch ED309
45250,Men,Accessories,Watches,Watches,Black,Winter,2016.0,Casual,Casio Youth Series Men Digital Watch AE-2000W-1AVDF(D083)
46425,Men,Accessories,Watches,Watches,Silver,Winter,2016.0,Casual,Timex Men Sliver Dial Chronograph Watch
11211,Men,Accessories,Watches,Watches,Steel,Winter,2016.0,Casual,Esprit Men Octo Chrono Silver Black Steel Watches
29519,Women,Accessories,Watches,Watches,Black,Winter,2016.0,Casual,Playboy Women Black Dial Watch
45206,Women,Accessories,Watches,Watches,Blue,Winter,2016.0,Casual,CASIO ENTICER Women Blue Dial Analogue Watch A66
45925,Men,Accessories,Watches,Watches,White,Winter,2016.0,Casual,Maxima Men White Dial Watch
40553,Women,Accessories,Watches,Watches,Gold,Winter,2016.0,Casual,Titan Women Gold Watch
46420,Men,Accessories,Watches,Watches,Cream,Winter,2016.0,Casual,Timex Men Cream Dial Chronograph Watch
33900,Men,Accessories,Watches,Watches,Black,Winter,2016.0,Casual,Citizen Men Black Dial Watch
40522,Men,Accessories,Watches,Watches,White,Winter,2016.0,Casual,Titan Men White Dial Chronograph Watch
45145,Men,Accessories,Watches,Watches,White,Winter,2016.0,Casual,Casio ENTICER Men Dial Watch A450 MTP-1296D-7AVDF
59262,Women,Accessories,Watches,Watches,Silver,Winter,2016.0,Casual,Titan Women Silver Watch
25325,Men,Accessories,Watches,Watches,Black,Summer,2017.0,Casual,Casio Edifice Men Multi-Dial Watch EF-334D-1AVDF(ED420)
28580,Men,Accessories,Watches,Watches,Blue,Winter,2016.0,Casual,ADIDAS Originals Men Blue Dial Watch ADH2649
10393,Women,Accessories,Watches,Watches,Black,Winter,2016.0,Casual,Puma Women Spark 351 Black Watches
16781,Unisex,Accessories,Watches,Watches,Black,Winter,2016.0,Casual,ADIDAS Originals Unisex Black Dial Watch ADH2133
32355,Men,Accessories,Watches,Watches,Black,Winter,2016.0,Casual,Q&Q Men Black Dial Watch
29988,Women,Accessories,Watches,Watches,White,Summer,2017.0,Casual,Aspen Women Mother Of Pearl Dial Watch AP1193
45155,Men,Accessories,Watches,Watches,Black,Winter,2016.0,Casual,CASIO ENTICER Men Black Dial Analogue Watch A499
11136,Men,Accessories,Watches,Watches,Black,Winter,2016.0,Casual,Puma Men Top Flow Red-213 Black Watch
46562,Men,Accessories,Watches,Watches,Charcoal,Winter,2016.0,Casual,Timex Men Charcoal Grey Dial Watch T49796
29497,Women,Accessories,Watches,Watches,Blue,Winter,2016.0,Casual,Giordano Women Chronograph Blue Dial Watch
43194,Women,Accessories,Watches,Watches,White,Winter,2016.0,Casual,Fastrack Women White Dial Watch NA2049SM09
56678,Men,Accessories,Watches,Watches,Black,Winter,2016.0,Casual,Maxima Men Black Dial Watch
49907,Girls,Accessories,Watches,Watches,Yellow,Winter,2016.0,Casual,Q&Q Kids Girls White Dial Analog Watch
49879,Women,Accessories,Watches,Watches,Gold,Winter,2016.0,Casual,Q&Q Women Ladies ANALOG Gold Watches
51517,Women,Accessories,Watches,Watches,Black,Winter,2016.0,Casual,Fastrack Women Black Dial Watch N2298sm03
48021,Women,Accessories,Watches,Watches,White,Winter,2016.0,Casual,Helix Women White Dial Watch
46739,Men,Accessories,Watches,Watches,Black,Winter,2016.0,Casual,Timex Men Black Dial Watch
21679,Men,Accessories,Watches,Watches,Black,Winter,2016.0,Casual,Fossil Men Black Dial Chronograph Watch CH2687
49874,Women,Accessories,Watches,Watches,Gold,Winter,2016.0,Casual,Q&Q Women Gold Dial Analog Watch
16771,Unisex,Accessories,Watches,Watches,Black,Winter,2016.0,Casual,ADIDAS Originals Unisex Black Dial Watch ADH2580
22943,Unisex,Accessories,Watches,Watches,Blue,Winter,2016.0,Casual,Fastrack Unisex Blue Dial Watch 9915PP01
29979,Women,Accessories,Watches,Watches,White,Winter,2016.0,Casual,Aspen Women Mother Of Pearl Dial Watch
37489,Women,Accessories,Watches,Watches,Black,Winter,2016.0,Casual,Esprit Women Black Watch
59238,Men,Accessories,Watches,Watches,Black,Winter,2016.0,Casual,Titan Men Black Watch
45913,Men,Accessories,Watches,Watches,White,Winter,2016.0,Casual,Maxima Men White Dial Watch
31813,Men,Accessories,Watches,Watches,Black,Winter,2016.0,Casual,Titan Men Black Dial Watch
23280,Men,Accessories,Watches,Watches,Steel,Winter,2016.0,Casual,Maxima Ssteele Men Watch
10141,Women,Accessories,Watches,Watches,Gold,Winter,2016.0,Casual,Esprit Women Houston White Gold Links Gold Watches
37480,Women,Accessories,Watches,Watches,White,Winter,2016.0,Casual,Esprit Women White Watch
30059,Men,Accessories,Watches,Watches,Black,Winter,2016.0,Casual,SKAGEN DENMARK Men Black Dial Watch 861XLSXB
45028,Men,Accessories,Watches,Watches,White,Winter,2016.0,Casual,Maxima Men White Dial Watch 24132LMGT
37330,Women,Accessories,Watches,Watches,Grey,Winter,2016.0,Casual,Casio Women Sheen Grey Dial Watch SX049
36900,Men,Accessories,Watches,Watches,White,Winter,2016.0,Casual,Fossil Men White Dial Chronograph Watch FS4640
10194,Men,Accessories,Watches,Watches,Black,Winter,2016.0,Casual,Carrera Men Sqaure dial leather strap Black Watches
54647,Men,Accessories,Watches,Watches,Steel,Winter,2016.0,Casual,Fastrack Men Black Dial Watch
23260,Men,Accessories,Watches,Watches,Steel,Winter,2016.0,Casual,Maxima Ssteele Men Watch
44990,Women,Accessories,Watches,Watches,Silver,Winter,2016.0,Casual,Maxima Women Silver Dial Watch
36776,Men,Accessories,Watches,Watches,White,Winter,2016.0,Casual,Maxima Men White Dial Watch
10317,Women,Accessories,Watches,Watches,Silver,Winter,2016.0,Casual,Esprit Women Purple Silicon Silver Watches
45926,Men,Accessories,Watches,Watches,Black,Winter,2016.0,Casual,Maxima Ssteele Men Black Dial Watch
28439,Women,Accessories,Watches,Watches,White,Winter,2016.0,Casual,DKNY Women White Dial Chronograph Watch NY4331
32373,Women,Accessories,Watches,Watches,White,Winter,2016.0,Casual,Q&Q Women White Dial Watch
11485,Men,Accessories,Watches,Watches,Black,Winter,2016.0,Casual,Puma Men Race Luminous 3HD Silver green Black Watches
32368,Men,Accessories,Watches,Watches,Black,Winter,2016.0,Casual,Q&Q Men Black Dial Watch
4715,Unisex,Accessories,Watches,Watches,Black,Winter,2016.0,Sports,ADIDAS Unisex New York Griffiti Digital Black Watch
13060,Men,Accessories,Watches,Watches,Steel,Winter,2016.0,Casual,Fastrack Men Square Dial Steel Watches
52675,Men,Accessories,Watches,Watches,Silver,Winter,2016.0,Casual,Morellato Men Silver Dial Watch
29456,Men,Accessories,Watches,Watches,White,Winter,2016.0,Casual,Giordano Men White Dial Watch
54660,Women,Accessories,Watches,Watches,Black,Winter,2016.0,Casual,Fastrack Women White Dial  Watch
45027,Men,Accessories,Watches,Watches,Black,Winter,2016.0,Casual,Maxima Attivo Men Black Dial Watch
29754,Women,Accessories,Watches,Watches,Silver,Winter,2016.0,Casual,Fossil Women White Dial Chronograph Watch ES2965
10609,Women,Accessories,Watches,Watches,White,Winter,2016.0,Casual,Puma Women White Dial Chronograph Watch
19281,Women,Accessories,Watches,Watches,Gold,Winter,2016.0,Casual,Guess Women Candy Pop Gold Watch With Interchangeable Straps
46546,Men,Accessories,Watches,Watches,Black,Winter,2016.0,Casual,Timex Men Black Dial Watch T2N522
48009,Women,Accessories,Watches,Watches,White,Winter,2016.0,Casual,Helix Women Silver Dial Watch
45195,Women,Accessories,Watches,Watches,Black,Winter,2016.0,Casual,CASIO ENTICER Women Black Dial Analogue Watch A649
49844,Men,Accessories,Watches,Watches,Black,Winter,2016.0,Casual,Q&Q Men Gents ANALOG Black Watches
43181,Men,Accessories,Watches,Watches,Steel,Winter,2016.0,Casual,Fastrack Men Steel Dial Watch
25612,Women,Accessories,Watches,Watches,Black,Winter,2016.0,Casual,Fastrack Women Black Watch
51623,Women,Accessories,Watches,Watches,Pink,Winter,2016.0,Casual,Fossil Women Pink Dial Chronograph Watch ES3050
48035,Men,Accessories,Watches,Watches,Black,Winter,2016.0,Casual,Nautica Men Black Dial Chronograph Watch
51563,Men,Accessories,Watches,Watches,White,Winter,2016.0,Casual,Fastrack Men White Watch
29507,Women,Accessories,Watches,Watches,Blue,Winter,2016.0,Casual,Giordano Women Blue Dial Watch
29937,Men,Accessories,Watches,Watches,Black,Winter,2016.0,Casual,Police Men Black Dual Dial Watch PL12899XS-02
25659,Women,Accessories,Watches,Watches,Silver,Winter,2016.0,Casual,Fastrack Women Silver Dial Watch
30043,Men,Accessories,Watches,Watches,White,Winter,2016.0,Casual,Skagen Men Silver Dial Watch
43161,Women,Accessories,Watches,Watches,Pink,Winter,2016.0,Casual,Fastrack Women Pink Dial Watch
37503,Men,Accessories,Watches,Watches,Black,Winter,2016.0,Casual,Esprit Men Black Watch
59256,Men,Accessories,Watches,Watches,Black,Winter,2016.0,Casual,Titan Men Black Watch
51654,Men,Accessories,Watches,Watches,Black,Winter,2016.0,Casual,Fossil Men Black Dial Chronograph Watch CH2810
51625,Women,Accessories,Watches,Watches,Purple,Winter,2016.0,Casual,Fossil Women Purple Dial Chronograph Watch ES3038
37319,Men,Accessories,Watches,Watches,Black,Winter,2016.0,Casual,CASIO G-Shock Men Black Digital Watch G-9300-1DR G342
31851,Men,Accessories,Watches,Watches,Black,Winter,2016.0,Casual,Titan Edge Men Black Dial Watch
29447,Men,Accessories,Watches,Watches,Bronze,Winter,2016.0,Casual,Giordano Men Bronze Dial Watch
49322,Men,Accessories,Watches,Watches,Black,Winter,2016.0,Casual,ADIDAS Originals Men Black Dial Watch ADH2651
45273,Men,Accessories,Watches,Watches,Blue,Winter,2016.0,Casual,Casio YOUTH Men Blue Digital Watch I072 W-753-2AVDF
43186,Men,Accessories,Watches,Watches,Silver,Winter,2016.0,Casual,Fastrack Men Silver Dial Watch
56676,Men,Accessories,Watches,Watches,White,Winter,2016.0,Casual,Maxima Men White Chronograph Watch
54670,Men,Accessories,Watches,Watches,Black,Winter,2016.0,Casual,Fastrack Men White Dial Watch
4704,Unisex,Accessories,Watches,Watches,Black,Winter,2016.0,Sports,ADIDAS Unisex Cambridge Black Watch
54665,Men,Accessories,Watches,Watches,Black,Winter,2016.0,Casual,Fastrack Men Black Dial Watch NB3001SL05
36901,Men,Accessories,Watches,Watches,Black,Winter,2016.0,Casual,Fossil Men Black Dial Chronograph Watch FS4642
29756,Women,Accessories,Watches,Watches,Silver,Winter,2016.0,Casual,Fossil Women Silver-Toned Dial Chronograph Watch ES2883
8134,Women,Accessories,Watches,Watches,Black,Winter,2016.0,Casual,Fastrack Women Upgrades Analog Black Steel Watch
29939,Men,Accessories,Watches,Watches,White,Winter,2016.0,Casual,Police Men White Dial Watch PL12963JS-01
25641,Men,Accessories,Watches,Watches,White,Winter,2016.0,Casual,Fastrack Men White Casual Watch
52816,Men,Accessories,Watches,Watches,Black,Winter,2016.0,Casual,Morellato Men Black Watch
23269,Men,Accessories,Watches,Watches,White,Winter,2016.0,Casual,Maxima Ssteele Men White Watch
5068,Men,Accessories,Watches,Watches,Blue,Winter,2016.0,Casual,Being Human Men Grey Dial Blue Strap Watch
25622,Men,Accessories,Watches,Watches,Black,Winter,2016.0,Casual,Fastrack Men Black Dial Analog Chronograph Watch
54641,Men,Accessories,Watches,Watches,Black,Winter,2016.0,Casual,Fastrack Men White Dial Watch
38008,Men,Accessories,Watches,Watches,Black,Winter,2016.0,Casual,Q&Q Men Black Dial Watch
49885,Unisex,Accessories,Watches,Watches,White,Winter,2016.0,Casual,Q&Q Kids Unisex White Dial Analog Watch
32318,Men,Accessories,Watches,Watches,White,Winter,2016.0,Casual,Q&Q Men White Dial Watch
54627,Men,Accessories,Watches,Watches,Black,Winter,2016.0,Casual,Fastrack Men Black Dial Watch
30000,Women,Accessories,Watches,Watches,Silver,Winter,2016.0,Casual,Aspen Women Silver Dial Watch
30018,Women,Accessories,Watches,Watches,White,Winter,2016.0,Casual,Kenneth Cole Women White Watch
44979,Men,Accessories,Watches,Watches,Silver,Winter,2016.0,Casual,Maxima Attivo Men Steel-Toned Dial Watch 15933LMGB
40552,Women,Accessories,Watches,Watches,Silver,Winter,2016.0,Casual,Titan Women Silver Dial Watch
46573,Men,Accessories,Watches,Watches,Black,Winter,2016.0,Sports,Timex Men Black Watch
29945,Men,Accessories,Watches,Watches,Black,Winter,2016.0,Casual,Police Men Black Dial Watch PL13088JSB-02
37509,Men,Accessories,Watches,Watches,Black,Winter,2016.0,Casual,Esprit Men Black Dial Watch
11196,Men,Accessories,Watches,Watches,Orange,Winter,2016.0,Casual,Carrera Men Strap dial Orange Watches
19278,Women,Accessories,Watches,Watches,Silver,Winter,2016.0,Casual,Guess Women G Hype Silver Watch
31849,Men,Accessories,Watches,Watches,White,Winter,2016.0,Casual,Titan Edge Men White Dial Watch NH1043SL01A
45296,Women,Accessories,Watches,Watches,White,Winter,2016.0,Casual,Casio Sheen Women White Analogue Watches (SX044) SHE-3801GL-7ADR
51532,Men,Accessories,Watches,Watches,Black,Winter,2016.0,Casual,Fastrack Men Black Watch
46458,Women,Accessories,Watches,Watches,Brown,Winter,2016.0,Smart Casual,Timex Women Brown Dial Watch
45041,Men,Accessories,Watches,Watches,White,Summer,2017.0,Casual,Maxima Men White Dial Attivo Watch
54662,Men,Accessories,Watches,Watches,Steel,Winter,2016.0,Casual,Fastrack Men Black Dial  Watch
30002,Women,Accessories,Watches,Watches,Gold,Winter,2016.0,Casual,Aspen Women White Dial Watch
13062,Men,Accessories,Watches,Watches,Black,Winter,2016.0,Casual,Fastrack Men Date Black Watches
37291,Women,Accessories,Watches,Watches,Pink,Winter,2016.0,Casual,CASIO ENTICER Women Pink Dial Analogue Watch A444 
